package_time,extruder,machine,position,threadline,thread_presence,winder_status,magnitude,raw_magnitude,raw_phase,amplitude,nodes_per_sample,doff_change,start_of_package,end_of_package,thread_presence_change,start_of_line_break,end_of_line_break
0 days 00:00:00.000000000,26,1,R,C,1.0,2.0,1134.0,1643.0,284.0,493.0,175.0,1,True,False,0,False,False
0 days 00:00:00.200000000,26,1,R,C,1.0,2.0,1183.0,1692.0,287.0,569.0,175.0,0,False,False,0,False,False
0 days 00:00:00.400000000,26,1,R,C,1.0,2.0,1145.0,1654.0,286.0,451.0,179.0,0,False,False,0,False,False
0 days 00:00:00.600000000,26,1,R,C,1.0,2.0,1057.0,1566.0,281.0,462.0,180.0,0,False,False,0,False,False
0 days 00:00:00.800000000,26,1,R,C,1.0,2.0,1050.0,1559.0,280.0,441.0,174.0,0,False,False,0,False,False
0 days 00:00:01.000000000,26,1,R,C,1.0,2.0,1022.0,1531.0,278.0,419.0,184.0,0,False,False,0,False,False
0 days 00:00:01.200000000,26,1,R,C,1.0,2.0,1007.0,1516.0,278.0,430.0,183.0,0,False,False,0,False,False
0 days 00:00:01.400000000,26,1,R,C,1.0,2.0,1008.0,1517.0,277.0,437.0,180.0,0,False,False,0,False,False
0 days 00:00:01.600000000,26,1,R,C,1.0,2.0,1006.0,1515.0,277.0,432.0,175.0,0,False,False,0,False,False
0 days 00:00:01.800000000,26,1,R,C,1.0,2.0,1007.0,1516.0,278.0,449.0,174.0,0,False,False,0,False,False
0 days 00:00:02.000000000,26,1,R,C,1.0,2.0,1011.0,1520.0,278.0,425.0,186.0,0,False,False,0,False,False
0 days 00:00:02.200000000,26,1,R,C,1.0,2.0,1013.0,1522.0,278.0,419.0,188.0,0,False,False,0,False,False
0 days 00:00:02.400000000,26,1,R,C,1.0,2.0,1031.0,1540.0,279.0,463.0,182.0,0,False,False,0,False,False
0 days 00:00:02.600000000,26,1,R,C,1.0,2.0,1011.0,1520.0,279.0,418.0,174.0,0,False,False,0,False,False
0 days 00:00:02.800000000,26,1,R,C,1.0,2.0,1036.0,1545.0,280.0,490.0,175.0,0,False,False,0,False,False
0 days 00:00:03.000000000,26,1,R,C,1.0,2.0,1032.0,1541.0,279.0,419.0,183.0,0,False,False,0,False,False
0 days 00:00:03.200000000,26,1,R,C,1.0,2.0,978.0,1487.0,277.0,427.0,178.0,0,False,False,0,False,False
0 days 00:00:03.400000000,26,1,R,C,1.0,2.0,999.0,1508.0,277.0,442.0,188.0,0,False,False,0,False,False
0 days 00:00:03.600000000,26,1,R,C,1.0,2.0,1011.0,1520.0,278.0,460.0,172.0,0,False,False,0,False,False
0 days 00:00:03.800000000,26,1,R,C,1.0,2.0,1036.0,1545.0,280.0,473.0,179.0,0,False,False,0,False,False
0 days 00:00:04.000000000,26,1,R,C,1.0,2.0,1026.0,1535.0,280.0,443.0,174.0,0,False,False,0,False,False
0 days 00:00:04.200000000,26,1,R,C,1.0,2.0,1008.0,1517.0,279.0,467.0,178.0,0,False,False,0,False,False
0 days 00:00:04.400000000,26,1,R,C,1.0,2.0,1039.0,1548.0,281.0,488.0,186.0,0,False,False,0,False,False
0 days 00:00:04.600000000,26,1,R,C,1.0,2.0,1056.0,1565.0,281.0,489.0,184.0,0,False,False,0,False,False
0 days 00:00:04.800000000,26,1,R,C,1.0,2.0,1050.0,1559.0,281.0,464.0,175.0,0,False,False,0,False,False
0 days 00:00:05.000000000,26,1,R,C,1.0,2.0,1035.0,1544.0,281.0,435.0,186.0,0,False,False,0,False,False
0 days 00:00:05.200000000,26,1,R,C,1.0,2.0,1058.0,1567.0,281.0,481.0,180.0,0,False,False,0,False,False
0 days 00:00:05.400000000,26,1,R,C,1.0,2.0,1091.0,1600.0,283.0,485.0,174.0,0,False,False,0,False,False
0 days 00:00:05.600000000,26,1,R,C,1.0,2.0,1032.0,1541.0,280.0,429.0,170.0,0,False,False,0,False,False
0 days 00:00:05.800000000,26,1,R,C,1.0,2.0,971.0,1480.0,277.0,424.0,180.0,0,False,False,0,False,False
0 days 00:00:06.000000000,26,1,R,C,1.0,2.0,954.0,1463.0,275.0,402.0,174.0,0,False,False,0,False,False
0 days 00:00:06.200000000,26,1,R,C,1.0,2.0,959.0,1468.0,276.0,429.0,176.0,0,False,False,0,False,False
0 days 00:00:06.400000000,26,1,R,C,1.0,2.0,950.0,1459.0,275.0,403.0,179.0,0,False,False,0,False,False
0 days 00:00:06.600000000,26,1,R,C,1.0,2.0,935.0,1444.0,274.0,422.0,180.0,0,False,False,0,False,False
0 days 00:00:06.800000000,26,1,R,C,1.0,2.0,952.0,1461.0,275.0,423.0,173.0,0,False,False,0,False,False
0 days 00:00:07.000000000,26,1,R,C,1.0,2.0,962.0,1471.0,276.0,417.0,181.0,0,False,False,0,False,False
0 days 00:00:07.200000000,26,1,R,C,1.0,2.0,979.0,1488.0,276.0,443.0,174.0,0,False,False,0,False,False
0 days 00:00:07.400000000,26,1,R,C,1.0,2.0,976.0,1485.0,276.0,428.0,182.0,0,False,False,0,False,False
0 days 00:00:07.600000000,26,1,R,C,1.0,2.0,964.0,1473.0,276.0,442.0,176.0,0,False,False,0,False,False
0 days 00:00:07.800000000,26,1,R,C,1.0,2.0,991.0,1500.0,277.0,460.0,180.0,0,False,False,0,False,False
0 days 00:00:08.000000000,26,1,R,C,1.0,2.0,1020.0,1529.0,279.0,461.0,181.0,0,False,False,0,False,False
0 days 00:00:08.200000000,26,1,R,C,1.0,2.0,1000.0,1509.0,278.0,444.0,179.0,0,False,False,0,False,False
0 days 00:00:08.400000000,26,1,R,C,1.0,2.0,992.0,1501.0,278.0,447.0,180.0,0,False,False,0,False,False
0 days 00:00:08.600000000,26,1,R,C,1.0,2.0,1013.0,1522.0,279.0,455.0,175.0,0,False,False,0,False,False
0 days 00:00:08.800000000,26,1,R,C,1.0,2.0,998.0,1507.0,277.0,432.0,174.0,0,False,False,0,False,False
0 days 00:00:09.000000000,26,1,R,C,1.0,2.0,954.0,1463.0,275.0,411.0,178.0,0,False,False,0,False,False
0 days 00:00:09.200000000,26,1,R,C,1.0,2.0,944.0,1453.0,275.0,414.0,179.0,0,False,False,0,False,False
0 days 00:00:09.400000000,26,1,R,C,1.0,2.0,952.0,1461.0,276.0,415.0,190.0,0,False,False,0,False,False
0 days 00:00:09.600000000,26,1,R,C,1.0,2.0,951.0,1460.0,276.0,414.0,182.0,0,False,False,0,False,False
0 days 00:00:09.800000000,26,1,R,C,1.0,2.0,953.0,1462.0,276.0,420.0,182.0,0,False,False,0,False,False
0 days 00:00:10.000000000,26,1,R,C,1.0,2.0,956.0,1465.0,276.0,427.0,185.0,0,False,False,0,False,False
0 days 00:00:10.200000000,26,1,R,C,1.0,2.0,958.0,1467.0,276.0,421.0,181.0,0,False,False,0,False,False
0 days 00:00:10.400000000,26,1,R,C,1.0,2.0,1044.0,1553.0,281.0,523.0,180.0,0,False,False,0,False,False
0 days 00:00:10.600000000,26,1,R,C,1.0,2.0,1059.0,1568.0,283.0,447.0,186.0,0,False,False,0,False,False
0 days 00:00:10.800000000,26,1,R,C,1.0,2.0,1002.0,1511.0,279.0,460.0,179.0,0,False,False,0,False,False
0 days 00:00:11.000000000,26,1,R,C,1.0,2.0,986.0,1495.0,278.0,420.0,189.0,0,False,False,0,False,False
0 days 00:00:11.200000000,26,1,R,C,1.0,2.0,938.0,1447.0,276.0,412.0,186.0,0,False,False,0,False,False
0 days 00:00:11.400000000,26,1,R,C,1.0,2.0,926.0,1435.0,275.0,408.0,180.0,0,False,False,0,False,False
0 days 00:00:11.600000000,26,1,R,C,1.0,2.0,946.0,1455.0,275.0,428.0,183.0,0,False,False,0,False,False
0 days 00:00:11.800000000,26,1,R,C,1.0,2.0,970.0,1479.0,277.0,449.0,173.0,0,False,False,0,False,False
0 days 00:00:12.000000000,26,1,R,C,1.0,2.0,988.0,1497.0,279.0,451.0,182.0,0,False,False,0,False,False
0 days 00:00:12.200000000,26,1,R,C,1.0,2.0,980.0,1489.0,278.0,421.0,183.0,0,False,False,0,False,False
0 days 00:00:12.400000000,26,1,R,C,1.0,2.0,969.0,1478.0,278.0,416.0,182.0,0,False,False,0,False,False
0 days 00:00:12.600000000,26,1,R,C,1.0,2.0,996.0,1505.0,280.0,454.0,170.0,0,False,False,0,False,False
0 days 00:00:12.800000000,26,1,R,C,1.0,2.0,1023.0,1532.0,280.0,468.0,175.0,0,False,False,0,False,False
0 days 00:00:13.000000000,26,1,R,C,1.0,2.0,1073.0,1582.0,283.0,520.0,176.0,0,False,False,0,False,False
0 days 00:00:13.200000000,26,1,R,C,1.0,2.0,1047.0,1556.0,281.0,440.0,179.0,0,False,False,0,False,False
0 days 00:00:13.400000000,26,1,R,C,1.0,2.0,1008.0,1517.0,280.0,466.0,180.0,0,False,False,0,False,False
0 days 00:00:13.600000000,26,1,R,C,1.0,2.0,1026.0,1535.0,280.0,448.0,180.0,0,False,False,0,False,False
0 days 00:00:13.800000000,26,1,R,C,1.0,2.0,1020.0,1529.0,280.0,458.0,180.0,0,False,False,0,False,False
0 days 00:00:14.000000000,26,1,R,C,1.0,2.0,1015.0,1524.0,281.0,453.0,181.0,0,False,False,0,False,False
0 days 00:00:14.200000000,26,1,R,C,1.0,2.0,995.0,1504.0,278.0,454.0,181.0,0,False,False,0,False,False
0 days 00:00:14.400000000,26,1,R,C,1.0,2.0,1019.0,1528.0,279.0,490.0,182.0,0,False,False,0,False,False
0 days 00:00:14.600000000,26,1,R,C,1.0,2.0,1036.0,1545.0,281.0,461.0,179.0,0,False,False,0,False,False
0 days 00:00:14.800000000,26,1,R,C,1.0,2.0,1030.0,1539.0,281.0,473.0,176.0,0,False,False,0,False,False
0 days 00:00:15.000000000,26,1,R,C,1.0,2.0,1021.0,1530.0,280.0,449.0,187.0,0,False,False,0,False,False
0 days 00:00:15.200000000,26,1,R,C,1.0,2.0,999.0,1508.0,279.0,454.0,181.0,0,False,False,0,False,False
0 days 00:00:15.400000000,26,1,R,C,1.0,2.0,1005.0,1514.0,279.0,444.0,185.0,0,False,False,0,False,False
0 days 00:00:15.600000000,26,1,R,C,1.0,2.0,1043.0,1552.0,281.0,497.0,178.0,0,False,False,0,False,False
0 days 00:00:15.800000000,26,1,R,C,1.0,2.0,1024.0,1533.0,281.0,439.0,181.0,0,False,False,0,False,False
0 days 00:00:16.000000000,26,1,R,C,1.0,2.0,983.0,1492.0,279.0,440.0,189.0,0,False,False,0,False,False
0 days 00:00:16.200000000,26,1,R,C,1.0,2.0,991.0,1500.0,279.0,430.0,176.0,0,False,False,0,False,False
0 days 00:00:16.400000000,26,1,R,C,1.0,2.0,975.0,1484.0,278.0,417.0,185.0,0,False,False,0,False,False
0 days 00:00:16.600000000,26,1,R,C,1.0,2.0,974.0,1483.0,278.0,441.0,180.0,0,False,False,0,False,False
0 days 00:00:16.800000000,26,1,R,C,1.0,2.0,981.0,1490.0,279.0,430.0,180.0,0,False,False,0,False,False
0 days 00:00:17.000000000,26,1,R,C,1.0,2.0,986.0,1495.0,279.0,450.0,184.0,0,False,False,0,False,False
0 days 00:00:17.200000000,26,1,R,C,1.0,2.0,1002.0,1511.0,280.0,449.0,182.0,0,False,False,0,False,False
0 days 00:00:17.400000000,26,1,R,C,1.0,2.0,993.0,1502.0,279.0,446.0,185.0,0,False,False,0,False,False
0 days 00:00:17.600000000,26,1,R,C,1.0,2.0,1006.0,1515.0,279.0,470.0,180.0,0,False,False,0,False,False
0 days 00:00:17.800000000,26,1,R,C,1.0,2.0,1008.0,1517.0,280.0,440.0,173.0,0,False,False,0,False,False
0 days 00:00:18.000000000,26,1,R,C,1.0,2.0,1010.0,1519.0,279.0,464.0,182.0,0,False,False,0,False,False
0 days 00:00:18.200000000,26,1,R,C,1.0,2.0,1033.0,1542.0,281.0,471.0,178.0,0,False,False,0,False,False
0 days 00:00:18.400000000,26,1,R,C,1.0,2.0,1025.0,1534.0,282.0,448.0,186.0,0,False,False,0,False,False
0 days 00:00:18.600000000,26,1,R,C,1.0,2.0,1031.0,1540.0,281.0,472.0,182.0,0,False,False,0,False,False
0 days 00:00:18.800000000,26,1,R,C,1.0,2.0,1048.0,1557.0,282.0,478.0,185.0,0,False,False,0,False,False
0 days 00:00:19.000000000,26,1,R,C,1.0,2.0,1021.0,1530.0,281.0,443.0,182.0,0,False,False,0,False,False
0 days 00:00:19.200000000,26,1,R,C,1.0,2.0,969.0,1478.0,278.0,419.0,182.0,0,False,False,0,False,False
0 days 00:00:19.400000000,26,1,R,C,1.0,2.0,952.0,1461.0,277.0,419.0,180.0,0,False,False,0,False,False
0 days 00:00:19.600000000,26,1,R,C,1.0,2.0,983.0,1492.0,279.0,451.0,182.0,0,False,False,0,False,False
0 days 00:00:19.800000000,26,1,R,C,1.0,2.0,1013.0,1522.0,281.0,475.0,172.0,0,False,False,0,False,False
0 days 00:00:20.000000000,26,1,R,C,1.0,2.0,1001.0,1510.0,280.0,444.0,178.0,0,False,False,0,False,False
0 days 00:00:20.200000000,26,1,R,C,1.0,2.0,988.0,1497.0,279.0,451.0,175.0,0,False,False,0,False,False
0 days 00:00:20.400000000,26,1,R,C,1.0,2.0,972.0,1481.0,279.0,420.0,183.0,0,False,False,0,False,False
0 days 00:00:20.600000000,26,1,R,C,1.0,2.0,1003.0,1512.0,280.0,481.0,175.0,0,False,False,0,False,False
0 days 00:00:20.800000000,26,1,R,C,1.0,2.0,993.0,1502.0,279.0,416.0,180.0,0,False,False,0,False,False
0 days 00:00:21.000000000,26,1,R,C,1.0,2.0,942.0,1451.0,276.0,403.0,190.0,0,False,False,0,False,False
0 days 00:00:21.200000000,26,1,R,C,1.0,2.0,943.0,1452.0,276.0,409.0,178.0,0,False,False,0,False,False
0 days 00:00:21.400000000,26,1,R,C,1.0,2.0,945.0,1454.0,276.0,421.0,185.0,0,False,False,0,False,False
0 days 00:00:21.600000000,26,1,R,C,1.0,2.0,950.0,1459.0,276.0,416.0,181.0,0,False,False,0,False,False
0 days 00:00:21.800000000,26,1,R,C,1.0,2.0,933.0,1442.0,276.0,414.0,180.0,0,False,False,0,False,False
0 days 00:00:22.000000000,26,1,R,C,1.0,2.0,929.0,1438.0,276.0,424.0,179.0,0,False,False,0,False,False
0 days 00:00:22.200000000,26,1,R,C,1.0,2.0,944.0,1453.0,277.0,427.0,184.0,0,False,False,0,False,False
0 days 00:00:22.400000000,26,1,R,C,1.0,2.0,957.0,1466.0,277.0,435.0,180.0,0,False,False,0,False,False
0 days 00:00:22.600000000,26,1,R,C,1.0,2.0,970.0,1479.0,278.0,443.0,184.0,0,False,False,0,False,False
0 days 00:00:22.800000000,26,1,R,C,1.0,2.0,979.0,1488.0,278.0,439.0,183.0,0,False,False,0,False,False
0 days 00:00:23.000000000,26,1,R,C,1.0,2.0,989.0,1498.0,278.0,447.0,178.0,0,False,False,0,False,False
0 days 00:00:23.200000000,26,1,R,C,1.0,2.0,1048.0,1557.0,281.0,498.0,178.0,0,False,False,0,False,False
0 days 00:00:23.400000000,26,1,R,C,1.0,2.0,1024.0,1533.0,281.0,414.0,179.0,0,False,False,0,False,False
0 days 00:00:23.600000000,26,1,R,C,1.0,2.0,971.0,1480.0,278.0,447.0,174.0,0,False,False,0,False,False
0 days 00:00:23.800000000,26,1,R,C,1.0,2.0,997.0,1506.0,279.0,459.0,170.0,0,False,False,0,False,False
0 days 00:00:24.000000000,26,1,R,C,1.0,2.0,984.0,1493.0,279.0,422.0,185.0,0,False,False,0,False,False
0 days 00:00:24.200000000,26,1,R,C,1.0,2.0,962.0,1471.0,278.0,420.0,185.0,0,False,False,0,False,False
0 days 00:00:24.400000000,26,1,R,C,1.0,2.0,965.0,1474.0,278.0,436.0,181.0,0,False,False,0,False,False
0 days 00:00:24.600000000,26,1,R,C,1.0,2.0,969.0,1478.0,278.0,440.0,176.0,0,False,False,0,False,False
0 days 00:00:24.800000000,26,1,R,C,1.0,2.0,955.0,1464.0,277.0,419.0,179.0,0,False,False,0,False,False
0 days 00:00:25.000000000,26,1,R,C,1.0,2.0,967.0,1476.0,277.0,454.0,176.0,0,False,False,0,False,False
0 days 00:00:25.200000000,26,1,R,C,1.0,2.0,989.0,1498.0,279.0,446.0,169.0,0,False,False,0,False,False
0 days 00:00:25.400000000,26,1,R,C,1.0,2.0,979.0,1488.0,278.0,428.0,182.0,0,False,False,0,False,False
0 days 00:00:25.600000000,26,1,R,C,1.0,2.0,982.0,1491.0,279.0,448.0,180.0,0,False,False,0,False,False
0 days 00:00:25.800000000,26,1,R,C,1.0,2.0,1022.0,1531.0,281.0,490.0,176.0,0,False,False,0,False,False
0 days 00:00:26.000000000,26,1,R,C,1.0,2.0,992.0,1501.0,279.0,422.0,174.0,0,False,False,0,False,False
0 days 00:00:26.200000000,26,1,R,C,1.0,2.0,973.0,1482.0,277.0,460.0,179.0,0,False,False,0,False,False
0 days 00:00:26.400000000,26,1,R,C,1.0,2.0,1019.0,1528.0,280.0,477.0,179.0,0,False,False,0,False,False
0 days 00:00:26.600000000,26,1,R,C,1.0,2.0,987.0,1496.0,279.0,419.0,178.0,0,False,False,0,False,False
0 days 00:00:26.800000000,26,1,R,C,1.0,2.0,935.0,1444.0,276.0,415.0,181.0,0,False,False,0,False,False
0 days 00:00:27.000000000,26,1,R,C,1.0,2.0,927.0,1436.0,275.0,402.0,181.0,0,False,False,0,False,False
0 days 00:00:27.200000000,26,1,R,C,1.0,2.0,957.0,1466.0,277.0,459.0,179.0,0,False,False,0,False,False
0 days 00:00:27.400000000,26,1,R,C,1.0,2.0,997.0,1506.0,279.0,474.0,181.0,0,False,False,0,False,False
0 days 00:00:27.600000000,26,1,R,C,1.0,2.0,985.0,1494.0,279.0,418.0,184.0,0,False,False,0,False,False
0 days 00:00:27.800000000,26,1,R,C,1.0,2.0,972.0,1481.0,278.0,431.0,183.0,0,False,False,0,False,False
0 days 00:00:28.000000000,26,1,R,C,1.0,2.0,985.0,1494.0,278.0,439.0,186.0,0,False,False,0,False,False
0 days 00:00:28.200000000,26,1,R,C,1.0,2.0,996.0,1505.0,278.0,452.0,179.0,0,False,False,0,False,False
0 days 00:00:28.400000000,26,1,R,C,1.0,2.0,1012.0,1521.0,279.0,486.0,168.0,0,False,False,0,False,False
0 days 00:00:28.600000000,26,1,R,C,1.0,2.0,994.0,1503.0,279.0,435.0,180.0,0,False,False,0,False,False
0 days 00:00:28.800000000,26,1,R,C,1.0,2.0,964.0,1473.0,278.0,432.0,180.0,0,False,False,0,False,False
0 days 00:00:29.000000000,26,1,R,C,1.0,2.0,958.0,1467.0,277.0,423.0,177.0,0,False,False,0,False,False
0 days 00:00:29.200000000,26,1,R,C,1.0,2.0,946.0,1455.0,277.0,425.0,178.0,0,False,False,0,False,False
0 days 00:00:29.400000000,26,1,R,C,1.0,2.0,919.0,1428.0,276.0,399.0,181.0,0,False,False,0,False,False
0 days 00:00:29.600000000,26,1,R,C,1.0,2.0,914.0,1423.0,276.0,417.0,173.0,0,False,False,0,False,False
0 days 00:00:29.800000000,26,1,R,C,1.0,2.0,949.0,1458.0,277.0,441.0,178.0,0,False,False,0,False,False
0 days 00:00:30.000000000,26,1,R,C,1.0,2.0,970.0,1479.0,279.0,437.0,178.0,0,False,False,0,False,False
0 days 00:00:30.200000000,26,1,R,C,1.0,2.0,973.0,1482.0,279.0,429.0,181.0,0,False,False,0,False,False
0 days 00:00:30.400000000,26,1,R,C,1.0,2.0,990.0,1499.0,279.0,453.0,176.0,0,False,False,0,False,False
0 days 00:00:30.600000000,26,1,R,C,1.0,2.0,985.0,1494.0,278.0,425.0,180.0,0,False,False,0,False,False
0 days 00:00:30.800000000,26,1,R,C,1.0,2.0,1033.0,1542.0,281.0,500.0,185.0,0,False,False,0,False,False
0 days 00:00:31.000000000,26,1,R,C,1.0,2.0,1048.0,1557.0,282.0,446.0,172.0,0,False,False,0,False,False
0 days 00:00:31.200000000,26,1,R,C,1.0,2.0,992.0,1501.0,279.0,442.0,182.0,0,False,False,0,False,False
0 days 00:00:31.400000000,26,1,R,C,1.0,2.0,970.0,1479.0,278.0,417.0,176.0,0,False,False,0,False,False
0 days 00:00:31.600000000,26,1,R,C,1.0,2.0,954.0,1463.0,277.0,422.0,184.0,0,False,False,0,False,False
0 days 00:00:31.800000000,26,1,R,C,1.0,2.0,952.0,1461.0,277.0,426.0,185.0,0,False,False,0,False,False
0 days 00:00:32.000000000,26,1,R,C,1.0,2.0,945.0,1454.0,277.0,435.0,180.0,0,False,False,0,False,False
0 days 00:00:32.200000000,26,1,R,C,1.0,2.0,941.0,1450.0,277.0,427.0,175.0,0,False,False,0,False,False
0 days 00:00:32.400000000,26,1,R,C,1.0,2.0,955.0,1464.0,278.0,440.0,186.0,0,False,False,0,False,False
0 days 00:00:32.600000000,26,1,R,C,1.0,2.0,980.0,1489.0,279.0,468.0,174.0,0,False,False,0,False,False
0 days 00:00:32.800000000,26,1,R,C,1.0,2.0,982.0,1491.0,279.0,434.0,178.0,0,False,False,0,False,False
0 days 00:00:33.000000000,26,1,R,C,1.0,2.0,977.0,1486.0,279.0,429.0,174.0,0,False,False,0,False,False
0 days 00:00:33.200000000,26,1,R,C,1.0,2.0,964.0,1473.0,278.0,429.0,176.0,0,False,False,0,False,False
0 days 00:00:33.400000000,26,1,R,C,1.0,2.0,1011.0,1520.0,280.0,515.0,174.0,0,False,False,0,False,False
0 days 00:00:33.600000000,26,1,R,C,1.0,2.0,994.0,1503.0,280.0,384.0,185.0,0,False,False,0,False,False
0 days 00:00:33.800000000,26,1,R,C,1.0,2.0,937.0,1446.0,278.0,445.0,169.0,0,False,False,0,False,False
0 days 00:00:34.000000000,26,1,R,C,1.0,2.0,947.0,1456.0,278.0,419.0,176.0,0,False,False,0,False,False
0 days 00:00:34.200000000,26,1,R,C,1.0,2.0,932.0,1441.0,276.0,427.0,180.0,0,False,False,0,False,False
0 days 00:00:34.400000000,26,1,R,C,1.0,2.0,932.0,1441.0,277.0,412.0,185.0,0,False,False,0,False,False
0 days 00:00:34.600000000,26,1,R,C,1.0,2.0,931.0,1440.0,276.0,416.0,182.0,0,False,False,0,False,False
0 days 00:00:34.800000000,26,1,R,C,1.0,2.0,928.0,1437.0,276.0,409.0,180.0,0,False,False,0,False,False
0 days 00:00:35.000000000,26,1,R,C,1.0,2.0,905.0,1414.0,275.0,380.0,182.0,0,False,False,0,False,False
0 days 00:00:35.200000000,26,1,R,C,1.0,2.0,891.0,1400.0,274.0,390.0,180.0,0,False,False,0,False,False
0 days 00:00:35.400000000,26,1,R,C,1.0,2.0,940.0,1449.0,277.0,427.0,176.0,0,False,False,0,False,False
0 days 00:00:35.600000000,26,1,R,C,1.0,2.0,954.0,1463.0,278.0,415.0,174.0,0,False,False,0,False,False
0 days 00:00:35.800000000,26,1,R,C,1.0,2.0,952.0,1461.0,277.0,449.0,175.0,0,False,False,0,False,False
0 days 00:00:36.000000000,26,1,R,C,1.0,2.0,1003.0,1512.0,280.0,489.0,178.0,0,False,False,0,False,False
0 days 00:00:36.200000000,26,1,R,C,1.0,2.0,994.0,1503.0,280.0,438.0,183.0,0,False,False,0,False,False
0 days 00:00:36.400000000,26,1,R,C,1.0,2.0,980.0,1489.0,279.0,468.0,170.0,0,False,False,0,False,False
0 days 00:00:36.600000000,26,1,R,C,1.0,2.0,1001.0,1510.0,280.0,447.0,180.0,0,False,False,0,False,False
0 days 00:00:36.800000000,26,1,R,C,1.0,2.0,973.0,1482.0,279.0,425.0,174.0,0,False,False,0,False,False
0 days 00:00:37.000000000,26,1,R,C,1.0,2.0,951.0,1460.0,278.0,424.0,187.0,0,False,False,0,False,False
0 days 00:00:37.200000000,26,1,R,C,1.0,2.0,947.0,1456.0,277.0,435.0,184.0,0,False,False,0,False,False
0 days 00:00:37.400000000,26,1,R,C,1.0,2.0,939.0,1448.0,277.0,415.0,182.0,0,False,False,0,False,False
0 days 00:00:37.600000000,26,1,R,C,1.0,2.0,932.0,1441.0,276.0,413.0,180.0,0,False,False,0,False,False
0 days 00:00:37.800000000,26,1,R,C,1.0,2.0,924.0,1433.0,276.0,405.0,174.0,0,False,False,0,False,False
0 days 00:00:38.000000000,26,1,R,C,1.0,2.0,936.0,1445.0,277.0,448.0,181.0,0,False,False,0,False,False
0 days 00:00:38.200000000,26,1,R,C,1.0,2.0,948.0,1457.0,277.0,424.0,181.0,0,False,False,0,False,False
0 days 00:00:38.400000000,26,1,R,C,1.0,2.0,947.0,1456.0,277.0,412.0,182.0,0,False,False,0,False,False
0 days 00:00:38.600000000,26,1,R,C,1.0,2.0,988.0,1497.0,279.0,471.0,174.0,0,False,False,0,False,False
0 days 00:00:38.800000000,26,1,R,C,1.0,2.0,985.0,1494.0,280.0,431.0,176.0,0,False,False,0,False,False
0 days 00:00:39.000000000,26,1,R,C,1.0,2.0,932.0,1441.0,277.0,399.0,182.0,0,False,False,0,False,False
0 days 00:00:39.200000000,26,1,R,C,1.0,2.0,916.0,1425.0,276.0,407.0,180.0,0,False,False,0,False,False
0 days 00:00:39.400000000,26,1,R,C,1.0,2.0,917.0,1426.0,276.0,402.0,178.0,0,False,False,0,False,False
0 days 00:00:39.600000000,26,1,R,C,1.0,2.0,920.0,1429.0,276.0,413.0,188.0,0,False,False,0,False,False
0 days 00:00:39.800000000,26,1,R,C,1.0,2.0,944.0,1453.0,277.0,435.0,187.0,0,False,False,0,False,False
0 days 00:00:40.000000000,26,1,R,C,1.0,2.0,975.0,1484.0,279.0,458.0,178.0,0,False,False,0,False,False
0 days 00:00:40.200000000,26,1,R,C,1.0,2.0,975.0,1484.0,279.0,433.0,179.0,0,False,False,0,False,False
0 days 00:00:40.400000000,26,1,R,C,1.0,2.0,979.0,1488.0,280.0,447.0,180.0,0,False,False,0,False,False
0 days 00:00:40.600000000,26,1,R,C,1.0,2.0,984.0,1493.0,279.0,441.0,183.0,0,False,False,0,False,False
0 days 00:00:40.800000000,26,1,R,C,1.0,2.0,962.0,1471.0,278.0,415.0,187.0,0,False,False,0,False,False
0 days 00:00:41.000000000,26,1,R,C,1.0,2.0,1016.0,1525.0,281.0,513.0,176.0,0,False,False,0,False,False
0 days 00:00:41.200000000,26,1,R,C,1.0,2.0,1010.0,1519.0,281.0,428.0,178.0,0,False,False,0,False,False
0 days 00:00:41.400000000,26,1,R,C,1.0,2.0,948.0,1457.0,277.0,437.0,181.0,0,False,False,0,False,False
0 days 00:00:41.600000000,26,1,R,C,1.0,2.0,966.0,1475.0,278.0,422.0,181.0,0,False,False,0,False,False
0 days 00:00:41.800000000,26,1,R,C,1.0,2.0,967.0,1476.0,278.0,435.0,179.0,0,False,False,0,False,False
0 days 00:00:42.000000000,26,1,R,C,1.0,2.0,951.0,1460.0,277.0,407.0,178.0,0,False,False,0,False,False
0 days 00:00:42.200000000,26,1,R,C,1.0,2.0,941.0,1450.0,277.0,415.0,179.0,0,False,False,0,False,False
0 days 00:00:42.400000000,26,1,R,C,1.0,2.0,949.0,1458.0,278.0,428.0,180.0,0,False,False,0,False,False
0 days 00:00:42.600000000,26,1,R,C,1.0,2.0,937.0,1446.0,277.0,407.0,180.0,0,False,False,0,False,False
0 days 00:00:42.800000000,26,1,R,C,1.0,2.0,922.0,1431.0,276.0,423.0,183.0,0,False,False,0,False,False
0 days 00:00:43.000000000,26,1,R,C,1.0,2.0,946.0,1455.0,278.0,436.0,174.0,0,False,False,0,False,False
0 days 00:00:43.200000000,26,1,R,C,1.0,2.0,952.0,1461.0,278.0,417.0,182.0,0,False,False,0,False,False
0 days 00:00:43.400000000,26,1,R,C,1.0,2.0,942.0,1451.0,277.0,430.0,171.0,0,False,False,0,False,False
0 days 00:00:43.600000000,26,1,R,C,1.0,2.0,999.0,1508.0,280.0,505.0,170.0,0,False,False,0,False,False
0 days 00:00:43.800000000,26,1,R,C,1.0,2.0,1006.0,1515.0,281.0,437.0,183.0,0,False,False,0,False,False
0 days 00:00:44.000000000,26,1,R,C,1.0,2.0,966.0,1475.0,278.0,427.0,183.0,0,False,False,0,False,False
0 days 00:00:44.200000000,26,1,R,C,1.0,2.0,974.0,1483.0,279.0,438.0,184.0,0,False,False,0,False,False
0 days 00:00:44.400000000,26,1,R,C,1.0,2.0,960.0,1469.0,279.0,413.0,176.0,0,False,False,0,False,False
0 days 00:00:44.600000000,26,1,R,C,1.0,2.0,928.0,1437.0,277.0,409.0,176.0,0,False,False,0,False,False
0 days 00:00:44.800000000,26,1,R,C,1.0,2.0,913.0,1422.0,275.0,405.0,180.0,0,False,False,0,False,False
0 days 00:00:45.000000000,26,1,R,C,1.0,2.0,932.0,1441.0,277.0,436.0,181.0,0,False,False,0,False,False
0 days 00:00:45.200000000,26,1,R,C,1.0,2.0,950.0,1459.0,278.0,422.0,184.0,0,False,False,0,False,False
0 days 00:00:45.400000000,26,1,R,C,1.0,2.0,956.0,1465.0,278.0,429.0,175.0,0,False,False,0,False,False
0 days 00:00:45.600000000,26,1,R,C,1.0,2.0,955.0,1464.0,279.0,432.0,179.0,0,False,False,0,False,False
0 days 00:00:45.800000000,26,1,R,C,1.0,2.0,967.0,1476.0,279.0,445.0,176.0,0,False,False,0,False,False
0 days 00:00:46.000000000,26,1,R,C,1.0,2.0,989.0,1498.0,280.0,458.0,181.0,0,False,False,0,False,False
0 days 00:00:46.200000000,26,1,R,C,1.0,2.0,1020.0,1529.0,282.0,493.0,181.0,0,False,False,0,False,False
0 days 00:00:46.400000000,26,1,R,C,1.0,2.0,981.0,1490.0,280.0,418.0,183.0,0,False,False,0,False,False
0 days 00:00:46.600000000,26,1,R,C,1.0,2.0,930.0,1439.0,277.0,427.0,182.0,0,False,False,0,False,False
0 days 00:00:46.800000000,26,1,R,C,1.0,2.0,929.0,1438.0,277.0,394.0,179.0,0,False,False,0,False,False
0 days 00:00:47.000000000,26,1,R,C,1.0,2.0,913.0,1422.0,276.0,424.0,173.0,0,False,False,0,False,False
0 days 00:00:47.200000000,26,1,R,C,1.0,2.0,905.0,1414.0,276.0,396.0,183.0,0,False,False,0,False,False
0 days 00:00:47.400000000,26,1,R,C,1.0,2.0,889.0,1398.0,275.0,389.0,181.0,0,False,False,0,False,False
0 days 00:00:47.600000000,26,1,R,C,1.0,2.0,919.0,1428.0,277.0,430.0,178.0,0,False,False,0,False,False
0 days 00:00:47.800000000,26,1,R,C,1.0,2.0,935.0,1444.0,278.0,418.0,183.0,0,False,False,0,False,False
0 days 00:00:48.000000000,26,1,R,C,1.0,2.0,919.0,1428.0,277.0,417.0,178.0,0,False,False,0,False,False
0 days 00:00:48.200000000,26,1,R,C,1.0,2.0,906.0,1415.0,277.0,408.0,175.0,0,False,False,0,False,False
0 days 00:00:48.400000000,26,1,R,C,1.0,2.0,900.0,1409.0,277.0,398.0,179.0,0,False,False,0,False,False
0 days 00:00:48.600000000,26,1,R,C,1.0,2.0,921.0,1430.0,277.0,418.0,180.0,0,False,False,0,False,False
0 days 00:00:48.800000000,26,1,R,C,1.0,2.0,968.0,1477.0,280.0,475.0,175.0,0,False,False,0,False,False
0 days 00:00:49.000000000,26,1,R,C,1.0,2.0,985.0,1494.0,281.0,436.0,185.0,0,False,False,0,False,False
0 days 00:00:49.200000000,26,1,R,C,1.0,2.0,984.0,1493.0,280.0,460.0,179.0,0,False,False,0,False,False
0 days 00:00:49.400000000,26,1,R,C,1.0,2.0,966.0,1475.0,280.0,403.0,180.0,0,False,False,0,False,False
0 days 00:00:49.600000000,26,1,R,C,1.0,2.0,924.0,1433.0,278.0,412.0,180.0,0,False,False,0,False,False
0 days 00:00:49.800000000,26,1,R,C,1.0,2.0,917.0,1426.0,277.0,413.0,174.0,0,False,False,0,False,False
0 days 00:00:50.000000000,26,1,R,C,1.0,2.0,911.0,1420.0,277.0,410.0,181.0,0,False,False,0,False,False
0 days 00:00:50.200000000,26,1,R,C,1.0,2.0,941.0,1450.0,277.0,446.0,175.0,0,False,False,0,False,False
0 days 00:00:50.400000000,26,1,R,C,1.0,2.0,974.0,1483.0,279.0,456.0,178.0,0,False,False,0,False,False
0 days 00:00:50.600000000,26,1,R,C,1.0,2.0,971.0,1480.0,280.0,441.0,182.0,0,False,False,0,False,False
0 days 00:00:50.800000000,26,1,R,C,1.0,2.0,969.0,1478.0,280.0,452.0,185.0,0,False,False,0,False,False
0 days 00:00:51.000000000,26,1,R,C,1.0,2.0,985.0,1494.0,280.0,443.0,180.0,0,False,False,0,False,False
0 days 00:00:51.200000000,26,1,R,C,1.0,2.0,1004.0,1513.0,282.0,471.0,178.0,0,False,False,0,False,False
0 days 00:00:51.400000000,26,1,R,C,1.0,2.0,975.0,1484.0,280.0,417.0,182.0,0,False,False,0,False,False
0 days 00:00:51.600000000,26,1,R,C,1.0,2.0,937.0,1446.0,278.0,419.0,176.0,0,False,False,0,False,False
0 days 00:00:51.800000000,26,1,R,C,1.0,2.0,924.0,1433.0,277.0,394.0,174.0,0,False,False,0,False,False
0 days 00:00:52.000000000,26,1,R,C,1.0,2.0,888.0,1397.0,276.0,385.0,182.0,0,False,False,0,False,False
0 days 00:00:52.200000000,26,1,R,C,1.0,2.0,868.0,1377.0,274.0,379.0,182.0,0,False,False,0,False,False
0 days 00:00:52.400000000,26,1,R,C,1.0,2.0,842.0,1351.0,273.0,371.0,179.0,0,False,False,0,False,False
0 days 00:00:52.600000000,26,1,R,C,1.0,2.0,867.0,1376.0,274.0,411.0,175.0,0,False,False,0,False,False
0 days 00:00:52.800000000,26,1,R,C,1.0,2.0,912.0,1421.0,277.0,411.0,183.0,0,False,False,0,False,False
0 days 00:00:53.000000000,26,1,R,C,1.0,2.0,923.0,1432.0,278.0,409.0,179.0,0,False,False,0,False,False
0 days 00:00:53.200000000,26,1,R,C,1.0,2.0,915.0,1424.0,277.0,399.0,179.0,0,False,False,0,False,False
0 days 00:00:53.400000000,26,1,R,C,1.0,2.0,927.0,1436.0,278.0,413.0,179.0,0,False,False,0,False,False
0 days 00:00:53.600000000,26,1,R,C,1.0,2.0,942.0,1451.0,279.0,421.0,188.0,0,False,False,0,False,False
0 days 00:00:53.800000000,26,1,R,C,1.0,2.0,991.0,1500.0,281.0,496.0,178.0,0,False,False,0,False,False
0 days 00:00:54.000000000,26,1,R,C,1.0,2.0,965.0,1474.0,280.0,380.0,181.0,0,False,False,0,False,False
0 days 00:00:54.200000000,26,1,R,C,1.0,2.0,912.0,1421.0,278.0,418.0,189.0,0,False,False,0,False,False
0 days 00:00:54.400000000,26,1,R,C,1.0,2.0,942.0,1451.0,279.0,418.0,181.0,0,False,False,0,False,False
0 days 00:00:54.600000000,26,1,R,C,1.0,2.0,961.0,1470.0,279.0,424.0,184.0,0,False,False,0,False,False
0 days 00:00:54.800000000,26,1,R,C,1.0,2.0,964.0,1473.0,279.0,427.0,180.0,0,False,False,0,False,False
0 days 00:00:55.000000000,26,1,R,C,1.0,2.0,944.0,1453.0,278.0,419.0,183.0,0,False,False,0,False,False
0 days 00:00:55.200000000,26,1,R,C,1.0,2.0,934.0,1443.0,279.0,436.0,185.0,0,False,False,0,False,False
0 days 00:00:55.400000000,26,1,R,C,1.0,2.0,951.0,1460.0,280.0,445.0,169.0,0,False,False,0,False,False
0 days 00:00:55.600000000,26,1,R,C,1.0,2.0,952.0,1461.0,279.0,417.0,175.0,0,False,False,0,False,False
0 days 00:00:55.800000000,26,1,R,C,1.0,2.0,959.0,1468.0,279.0,450.0,181.0,0,False,False,0,False,False
0 days 00:00:56.000000000,26,1,R,C,1.0,2.0,975.0,1484.0,281.0,457.0,181.0,0,False,False,0,False,False
0 days 00:00:56.200000000,26,1,R,C,1.0,2.0,952.0,1461.0,279.0,411.0,178.0,0,False,False,0,False,False
0 days 00:00:56.400000000,26,1,R,C,1.0,2.0,948.0,1457.0,279.0,450.0,170.0,0,False,False,0,False,False
0 days 00:00:56.600000000,26,1,R,C,1.0,2.0,930.0,1439.0,278.0,388.0,170.0,0,False,False,0,False,False
0 days 00:00:56.800000000,26,1,R,C,1.0,2.0,917.0,1426.0,277.0,435.0,185.0,0,False,False,0,False,False
0 days 00:00:57.000000000,26,1,R,C,1.0,2.0,952.0,1461.0,279.0,415.0,186.0,0,False,False,0,False,False
0 days 00:00:57.200000000,26,1,R,C,1.0,2.0,941.0,1450.0,278.0,419.0,179.0,0,False,False,0,False,False
0 days 00:00:57.400000000,26,1,R,C,1.0,2.0,918.0,1427.0,278.0,427.0,180.0,0,False,False,0,False,False
0 days 00:00:57.600000000,26,1,R,C,1.0,2.0,932.0,1441.0,278.0,424.0,174.0,0,False,False,0,False,False
0 days 00:00:57.800000000,26,1,R,C,1.0,2.0,955.0,1464.0,279.0,427.0,180.0,0,False,False,0,False,False
0 days 00:00:58.000000000,26,1,R,C,1.0,2.0,953.0,1462.0,279.0,424.0,178.0,0,False,False,0,False,False
0 days 00:00:58.200000000,26,1,R,C,1.0,2.0,930.0,1439.0,279.0,407.0,176.0,0,False,False,0,False,False
0 days 00:00:58.400000000,26,1,R,C,1.0,2.0,934.0,1443.0,278.0,423.0,183.0,0,False,False,0,False,False
0 days 00:00:58.600000000,26,1,R,C,1.0,2.0,947.0,1456.0,279.0,438.0,179.0,0,False,False,0,False,False
0 days 00:00:58.800000000,26,1,R,C,1.0,2.0,974.0,1483.0,280.0,460.0,183.0,0,False,False,0,False,False
0 days 00:00:59.000000000,26,1,R,C,1.0,2.0,999.0,1508.0,281.0,459.0,182.0,0,False,False,0,False,False
0 days 00:00:59.200000000,26,1,R,C,1.0,2.0,951.0,1460.0,279.0,398.0,188.0,0,False,False,0,False,False
0 days 00:00:59.400000000,26,1,R,C,1.0,2.0,937.0,1446.0,279.0,440.0,178.0,0,False,False,0,False,False
0 days 00:00:59.600000000,26,1,R,C,1.0,2.0,975.0,1484.0,281.0,460.0,186.0,0,False,False,0,False,False
0 days 00:00:59.800000000,26,1,R,C,1.0,2.0,969.0,1478.0,280.0,419.0,178.0,0,False,False,0,False,False
0 days 00:01:00.000000000,26,1,R,C,1.0,2.0,941.0,1450.0,279.0,409.0,178.0,0,False,False,0,False,False
0 days 00:01:00.200000000,26,1,R,C,1.0,2.0,939.0,1448.0,278.0,430.0,188.0,0,False,False,0,False,False
0 days 00:01:00.400000000,26,1,R,C,1.0,2.0,962.0,1471.0,279.0,458.0,179.0,0,False,False,0,False,False
0 days 00:01:00.600000000,26,1,R,C,1.0,2.0,973.0,1482.0,281.0,426.0,179.0,0,False,False,0,False,False
0 days 00:01:00.800000000,26,1,R,C,1.0,2.0,981.0,1490.0,281.0,462.0,181.0,0,False,False,0,False,False
0 days 00:01:01.000000000,26,1,R,C,1.0,2.0,981.0,1490.0,281.0,446.0,184.0,0,False,False,0,False,False
0 days 00:01:01.200000000,26,1,R,C,1.0,2.0,965.0,1474.0,279.0,437.0,178.0,0,False,False,0,False,False
0 days 00:01:01.400000000,26,1,R,C,1.0,2.0,997.0,1506.0,280.0,476.0,172.0,0,False,False,0,False,False
0 days 00:01:01.600000000,26,1,R,C,1.0,2.0,971.0,1480.0,280.0,397.0,179.0,0,False,False,0,False,False
0 days 00:01:01.800000000,26,1,R,C,1.0,2.0,940.0,1449.0,278.0,438.0,181.0,0,False,False,0,False,False
0 days 00:01:02.000000000,26,1,R,C,1.0,2.0,972.0,1481.0,280.0,445.0,184.0,0,False,False,0,False,False
0 days 00:01:02.200000000,26,1,R,C,1.0,2.0,957.0,1466.0,279.0,412.0,181.0,0,False,False,0,False,False
0 days 00:01:02.400000000,26,1,R,C,1.0,2.0,925.0,1434.0,277.0,417.0,180.0,0,False,False,0,False,False
0 days 00:01:02.600000000,26,1,R,C,1.0,2.0,921.0,1430.0,277.0,418.0,175.0,0,False,False,0,False,False
0 days 00:01:02.800000000,26,1,R,C,1.0,2.0,943.0,1452.0,278.0,430.0,176.0,0,False,False,0,False,False
0 days 00:01:03.000000000,26,1,R,C,1.0,2.0,955.0,1464.0,279.0,430.0,177.0,0,False,False,0,False,False
0 days 00:01:03.200000000,26,1,R,C,1.0,2.0,979.0,1488.0,280.0,454.0,178.0,0,False,False,0,False,False
0 days 00:01:03.400000000,26,1,R,C,1.0,2.0,992.0,1501.0,280.0,434.0,179.0,0,False,False,0,False,False
0 days 00:01:03.600000000,26,1,R,C,1.0,2.0,985.0,1494.0,280.0,454.0,181.0,0,False,False,0,False,False
0 days 00:01:03.800000000,26,1,R,C,1.0,2.0,995.0,1504.0,281.0,440.0,182.0,0,False,False,0,False,False
0 days 00:01:04.000000000,26,1,R,C,1.0,2.0,1056.0,1565.0,284.0,529.0,178.0,0,False,False,0,False,False
0 days 00:01:04.200000000,26,1,R,C,1.0,2.0,1061.0,1570.0,284.0,456.0,185.0,0,False,False,0,False,False
0 days 00:01:04.400000000,26,1,R,C,1.0,2.0,1006.0,1515.0,281.0,466.0,180.0,0,False,False,0,False,False
0 days 00:01:04.600000000,26,1,R,C,1.0,2.0,1019.0,1528.0,281.0,477.0,180.0,0,False,False,0,False,False
0 days 00:01:04.800000000,26,1,R,C,1.0,2.0,1004.0,1513.0,281.0,455.0,178.0,0,False,False,0,False,False
0 days 00:01:05.000000000,26,1,R,C,1.0,2.0,958.0,1467.0,279.0,411.0,181.0,0,False,False,0,False,False
0 days 00:01:05.200000000,26,1,R,C,1.0,2.0,935.0,1444.0,278.0,416.0,182.0,0,False,False,0,False,False
0 days 00:01:05.400000000,26,1,R,C,1.0,2.0,936.0,1445.0,277.0,422.0,178.0,0,False,False,0,False,False
0 days 00:01:05.600000000,26,1,R,C,1.0,2.0,954.0,1463.0,278.0,465.0,176.0,0,False,False,0,False,False
0 days 00:01:05.800000000,26,1,R,C,1.0,2.0,965.0,1474.0,279.0,441.0,168.0,0,False,False,0,False,False
0 days 00:01:06.000000000,26,1,R,C,1.0,2.0,953.0,1462.0,278.0,429.0,178.0,0,False,False,0,False,False
0 days 00:01:06.200000000,26,1,R,C,1.0,2.0,958.0,1467.0,279.0,435.0,176.0,0,False,False,0,False,False
0 days 00:01:06.400000000,26,1,R,C,1.0,2.0,964.0,1473.0,279.0,433.0,174.0,0,False,False,0,False,False
0 days 00:01:06.600000000,26,1,R,C,1.0,2.0,1009.0,1518.0,281.0,512.0,168.0,0,False,False,0,False,False
0 days 00:01:06.800000000,26,1,R,C,1.0,2.0,1003.0,1512.0,281.0,418.0,176.0,0,False,False,0,False,False
0 days 00:01:07.000000000,26,1,R,C,1.0,2.0,956.0,1465.0,279.0,444.0,177.0,0,False,False,0,False,False
0 days 00:01:07.200000000,26,1,R,C,1.0,2.0,974.0,1483.0,279.0,442.0,178.0,0,False,False,0,False,False
0 days 00:01:07.400000000,26,1,R,C,1.0,2.0,945.0,1454.0,278.0,411.0,181.0,0,False,False,0,False,False
0 days 00:01:07.600000000,26,1,R,C,1.0,2.0,920.0,1429.0,277.0,420.0,173.0,0,False,False,0,False,False
0 days 00:01:07.800000000,26,1,R,C,1.0,2.0,919.0,1428.0,276.0,408.0,175.0,0,False,False,0,False,False
0 days 00:01:08.000000000,26,1,R,C,1.0,2.0,920.0,1429.0,277.0,418.0,179.0,0,False,False,0,False,False
0 days 00:01:08.200000000,26,1,R,C,1.0,2.0,928.0,1437.0,278.0,423.0,173.0,0,False,False,0,False,False
0 days 00:01:08.400000000,26,1,R,C,1.0,2.0,932.0,1441.0,278.0,441.0,173.0,0,False,False,0,False,False
0 days 00:01:08.600000000,26,1,R,C,1.0,2.0,979.0,1488.0,280.0,470.0,173.0,0,False,False,0,False,False
0 days 00:01:08.800000000,26,1,R,C,1.0,2.0,996.0,1505.0,281.0,453.0,176.0,0,False,False,0,False,False
0 days 00:01:09.000000000,26,1,R,C,1.0,2.0,1020.0,1529.0,282.0,482.0,177.0,0,False,False,0,False,False
0 days 00:01:09.200000000,26,1,R,C,1.0,2.0,1045.0,1554.0,284.0,510.0,170.0,0,False,False,0,False,False
0 days 00:01:09.400000000,26,1,R,C,1.0,2.0,997.0,1506.0,281.0,433.0,181.0,0,False,False,0,False,False
0 days 00:01:09.600000000,26,1,R,C,1.0,2.0,967.0,1476.0,278.0,444.0,179.0,0,False,False,0,False,False
0 days 00:01:09.800000000,26,1,R,C,1.0,2.0,976.0,1485.0,279.0,450.0,181.0,0,False,False,0,False,False
0 days 00:01:10.000000000,26,1,R,C,1.0,2.0,942.0,1451.0,278.0,422.0,172.0,0,False,False,0,False,False
0 days 00:01:10.200000000,26,1,R,C,1.0,2.0,889.0,1398.0,275.0,381.0,178.0,0,False,False,0,False,False
0 days 00:01:10.400000000,26,1,R,C,1.0,2.0,897.0,1406.0,275.0,415.0,175.0,0,False,False,0,False,False
0 days 00:01:10.600000000,26,1,R,C,1.0,2.0,940.0,1449.0,278.0,437.0,179.0,0,False,False,0,False,False
0 days 00:01:10.800000000,26,1,R,C,1.0,2.0,947.0,1456.0,278.0,419.0,182.0,0,False,False,0,False,False
0 days 00:01:11.000000000,26,1,R,C,1.0,2.0,934.0,1443.0,278.0,410.0,184.0,0,False,False,0,False,False
0 days 00:01:11.200000000,26,1,R,C,1.0,2.0,951.0,1460.0,279.0,438.0,184.0,0,False,False,0,False,False
0 days 00:01:11.400000000,26,1,R,C,1.0,2.0,921.0,1430.0,278.0,386.0,181.0,0,False,False,0,False,False
0 days 00:01:11.600000000,26,1,R,C,1.0,2.0,949.0,1458.0,279.0,475.0,178.0,0,False,False,0,False,False
0 days 00:01:11.800000000,26,1,R,C,1.0,2.0,964.0,1473.0,280.0,409.0,172.0,0,False,False,0,False,False
0 days 00:01:12.000000000,26,1,R,C,1.0,2.0,942.0,1451.0,279.0,441.0,180.0,0,False,False,0,False,False
0 days 00:01:12.200000000,26,1,R,C,1.0,2.0,986.0,1495.0,281.0,458.0,176.0,0,False,False,0,False,False
0 days 00:01:12.400000000,26,1,R,C,1.0,2.0,979.0,1488.0,280.0,447.0,170.0,0,False,False,0,False,False
0 days 00:01:12.600000000,26,1,R,C,1.0,2.0,937.0,1446.0,277.0,413.0,174.0,0,False,False,0,False,False
0 days 00:01:12.800000000,26,1,R,C,1.0,2.0,917.0,1426.0,277.0,402.0,181.0,0,False,False,0,False,False
0 days 00:01:13.000000000,26,1,R,C,1.0,2.0,909.0,1418.0,277.0,404.0,184.0,0,False,False,0,False,False
0 days 00:01:13.200000000,26,1,R,C,1.0,2.0,931.0,1440.0,277.0,443.0,174.0,0,False,False,0,False,False
0 days 00:01:13.400000000,26,1,R,C,1.0,2.0,950.0,1459.0,279.0,424.0,180.0,0,False,False,0,False,False
0 days 00:01:13.600000000,26,1,R,C,1.0,2.0,933.0,1442.0,278.0,416.0,182.0,0,False,False,0,False,False
0 days 00:01:13.800000000,26,1,R,C,1.0,2.0,928.0,1437.0,277.0,425.0,168.0,0,False,False,0,False,False
0 days 00:01:14.000000000,26,1,R,C,1.0,2.0,933.0,1442.0,277.0,413.0,181.0,0,False,False,0,False,False
0 days 00:01:14.200000000,26,1,R,C,1.0,2.0,1002.0,1511.0,280.0,507.0,179.0,0,False,False,0,False,False
0 days 00:01:14.400000000,26,1,R,C,1.0,2.0,1005.0,1514.0,281.0,432.0,180.0,0,False,False,0,False,False
0 days 00:01:14.600000000,26,1,R,C,1.0,2.0,936.0,1445.0,277.0,429.0,179.0,0,False,False,0,False,False
0 days 00:01:14.800000000,26,1,R,C,1.0,2.0,935.0,1444.0,277.0,427.0,180.0,0,False,False,0,False,False
0 days 00:01:15.000000000,26,1,R,C,1.0,2.0,928.0,1437.0,277.0,428.0,183.0,0,False,False,0,False,False
0 days 00:01:15.200000000,26,1,R,C,1.0,2.0,908.0,1417.0,276.0,428.0,176.0,0,False,False,0,False,False
0 days 00:01:15.400000000,26,1,R,C,1.0,2.0,906.0,1415.0,276.0,403.0,188.0,0,False,False,0,False,False
0 days 00:01:15.600000000,26,1,R,C,1.0,2.0,912.0,1421.0,277.0,427.0,178.0,0,False,False,0,False,False
0 days 00:01:15.800000000,26,1,R,C,1.0,2.0,928.0,1437.0,277.0,425.0,184.0,0,False,False,0,False,False
0 days 00:01:16.000000000,26,1,R,C,1.0,2.0,964.0,1473.0,279.0,438.0,183.0,0,False,False,0,False,False
0 days 00:01:16.200000000,26,1,R,C,1.0,2.0,993.0,1502.0,281.0,456.0,181.0,0,False,False,0,False,False
0 days 00:01:16.400000000,26,1,R,C,1.0,2.0,987.0,1496.0,280.0,452.0,172.0,0,False,False,0,False,False
0 days 00:01:16.600000000,26,1,R,C,1.0,2.0,961.0,1470.0,279.0,427.0,180.0,0,False,False,0,False,False
0 days 00:01:16.800000000,26,1,R,C,1.0,2.0,999.0,1508.0,281.0,485.0,174.0,0,False,False,0,False,False
0 days 00:01:17.000000000,26,1,R,C,1.0,2.0,968.0,1477.0,280.0,393.0,171.0,0,False,False,0,False,False
0 days 00:01:17.200000000,26,1,R,C,1.0,2.0,890.0,1399.0,276.0,397.0,185.0,0,False,False,0,False,False
0 days 00:01:17.400000000,26,1,R,C,1.0,2.0,922.0,1431.0,277.0,424.0,186.0,0,False,False,0,False,False
0 days 00:01:17.600000000,26,1,R,C,1.0,2.0,952.0,1461.0,279.0,417.0,183.0,0,False,False,0,False,False
0 days 00:01:17.800000000,26,1,R,C,1.0,2.0,974.0,1483.0,280.0,463.0,178.0,0,False,False,0,False,False
0 days 00:01:18.000000000,26,1,R,C,1.0,2.0,984.0,1493.0,281.0,450.0,177.0,0,False,False,0,False,False
0 days 00:01:18.200000000,26,1,R,C,1.0,2.0,980.0,1489.0,281.0,453.0,180.0,0,False,False,0,False,False
0 days 00:01:18.400000000,26,1,R,C,1.0,2.0,969.0,1478.0,280.0,424.0,178.0,0,False,False,0,False,False
0 days 00:01:18.600000000,26,1,R,C,1.0,2.0,935.0,1444.0,278.0,399.0,183.0,0,False,False,0,False,False
0 days 00:01:18.800000000,26,1,R,C,1.0,2.0,943.0,1452.0,279.0,437.0,180.0,0,False,False,0,False,False
0 days 00:01:19.000000000,26,1,R,C,1.0,2.0,960.0,1469.0,280.0,425.0,180.0,0,False,False,0,False,False
0 days 00:01:19.200000000,26,1,R,C,1.0,2.0,958.0,1467.0,279.0,445.0,175.0,0,False,False,0,False,False
0 days 00:01:19.400000000,26,1,R,C,1.0,2.0,990.0,1499.0,281.0,484.0,173.0,0,False,False,0,False,False
0 days 00:01:19.600000000,26,1,R,C,1.0,2.0,971.0,1480.0,280.0,426.0,172.0,0,False,False,0,False,False
0 days 00:01:19.800000000,26,1,R,C,1.0,2.0,936.0,1445.0,278.0,428.0,183.0,0,False,False,0,False,False
0 days 00:01:20.000000000,26,1,R,C,1.0,2.0,933.0,1442.0,278.0,418.0,172.0,0,False,False,0,False,False
0 days 00:01:20.200000000,26,1,R,C,1.0,2.0,920.0,1429.0,277.0,420.0,178.0,0,False,False,0,False,False
0 days 00:01:20.400000000,26,1,R,C,1.0,2.0,919.0,1428.0,277.0,414.0,183.0,0,False,False,0,False,False
0 days 00:01:20.600000000,26,1,R,C,1.0,2.0,916.0,1425.0,277.0,418.0,176.0,0,False,False,0,False,False
0 days 00:01:20.800000000,26,1,R,C,1.0,2.0,933.0,1442.0,278.0,433.0,176.0,0,False,False,0,False,False
0 days 00:01:21.000000000,26,1,R,C,1.0,2.0,952.0,1461.0,279.0,434.0,187.0,0,False,False,0,False,False
0 days 00:01:21.200000000,26,1,R,C,1.0,2.0,963.0,1472.0,279.0,444.0,182.0,0,False,False,0,False,False
0 days 00:01:21.400000000,26,1,R,C,1.0,2.0,951.0,1460.0,279.0,414.0,178.0,0,False,False,0,False,False
0 days 00:01:21.600000000,26,1,R,C,1.0,2.0,926.0,1435.0,278.0,406.0,185.0,0,False,False,0,False,False
0 days 00:01:21.800000000,26,1,R,C,1.0,2.0,978.0,1487.0,280.0,476.0,181.0,0,False,False,0,False,False
0 days 00:01:22.000000000,26,1,R,C,1.0,2.0,1004.0,1513.0,282.0,443.0,181.0,0,False,False,0,False,False
0 days 00:01:22.200000000,26,1,R,C,1.0,2.0,974.0,1483.0,280.0,443.0,175.0,0,False,False,0,False,False
0 days 00:01:22.400000000,26,1,R,C,1.0,2.0,983.0,1492.0,280.0,450.0,180.0,0,False,False,0,False,False
0 days 00:01:22.600000000,26,1,R,C,1.0,2.0,988.0,1497.0,281.0,451.0,175.0,0,False,False,0,False,False
0 days 00:01:22.800000000,26,1,R,C,1.0,2.0,969.0,1478.0,280.0,435.0,172.0,0,False,False,0,False,False
0 days 00:01:23.000000000,26,1,R,C,1.0,2.0,939.0,1448.0,278.0,435.0,182.0,0,False,False,0,False,False
0 days 00:01:23.200000000,26,1,R,C,1.0,2.0,925.0,1434.0,278.0,420.0,181.0,0,False,False,0,False,False
0 days 00:01:23.400000000,26,1,R,C,1.0,2.0,970.0,1479.0,280.0,481.0,174.0,0,False,False,0,False,False
0 days 00:01:23.600000000,26,1,R,C,1.0,2.0,988.0,1497.0,281.0,440.0,183.0,0,False,False,0,False,False
0 days 00:01:23.800000000,26,1,R,C,1.0,2.0,958.0,1467.0,280.0,423.0,179.0,0,False,False,0,False,False
0 days 00:01:24.000000000,26,1,R,C,1.0,2.0,969.0,1478.0,280.0,455.0,178.0,0,False,False,0,False,False
0 days 00:01:24.200000000,26,1,R,C,1.0,2.0,968.0,1477.0,279.0,430.0,172.0,0,False,False,0,False,False
0 days 00:01:24.400000000,26,1,R,C,1.0,2.0,979.0,1488.0,281.0,481.0,171.0,0,False,False,0,False,False
0 days 00:01:24.600000000,26,1,R,C,1.0,2.0,946.0,1455.0,279.0,378.0,185.0,0,False,False,0,False,False
0 days 00:01:24.800000000,26,1,R,C,1.0,2.0,921.0,1430.0,278.0,444.0,180.0,0,False,False,0,False,False
0 days 00:01:25.000000000,26,1,R,C,1.0,2.0,954.0,1463.0,280.0,424.0,173.0,0,False,False,0,False,False
0 days 00:01:25.200000000,26,1,R,C,1.0,2.0,955.0,1464.0,279.0,448.0,181.0,0,False,False,0,False,False
0 days 00:01:25.400000000,26,1,R,C,1.0,2.0,961.0,1470.0,279.0,433.0,172.0,0,False,False,0,False,False
0 days 00:01:25.600000000,26,1,R,C,1.0,2.0,946.0,1455.0,279.0,415.0,180.0,0,False,False,0,False,False
0 days 00:01:25.800000000,26,1,R,C,1.0,2.0,942.0,1451.0,278.0,421.0,182.0,0,False,False,0,False,False
0 days 00:01:26.000000000,26,1,R,C,1.0,2.0,972.0,1481.0,280.0,460.0,184.0,0,False,False,0,False,False
0 days 00:01:26.200000000,26,1,R,C,1.0,2.0,1000.0,1509.0,282.0,481.0,181.0,0,False,False,0,False,False
0 days 00:01:26.400000000,26,1,R,C,1.0,2.0,989.0,1498.0,281.0,429.0,176.0,0,False,False,0,False,False
0 days 00:01:26.600000000,26,1,R,C,1.0,2.0,968.0,1477.0,280.0,439.0,178.0,0,False,False,0,False,False
0 days 00:01:26.800000000,26,1,R,C,1.0,2.0,979.0,1488.0,281.0,465.0,179.0,0,False,False,0,False,False
0 days 00:01:27.000000000,26,1,R,C,1.0,2.0,1029.0,1538.0,283.0,487.0,185.0,0,False,False,0,False,False
0 days 00:01:27.200000000,26,1,R,C,1.0,2.0,982.0,1491.0,281.0,404.0,176.0,0,False,False,0,False,False
0 days 00:01:27.400000000,26,1,R,C,1.0,2.0,908.0,1417.0,277.0,396.0,173.0,0,False,False,0,False,False
0 days 00:01:27.600000000,26,1,R,C,1.0,2.0,915.0,1424.0,277.0,419.0,180.0,0,False,False,0,False,False
0 days 00:01:27.800000000,26,1,R,C,1.0,2.0,920.0,1429.0,277.0,412.0,184.0,0,False,False,0,False,False
0 days 00:01:28.000000000,26,1,R,C,1.0,2.0,914.0,1423.0,277.0,413.0,173.0,0,False,False,0,False,False
0 days 00:01:28.200000000,26,1,R,C,1.0,2.0,901.0,1410.0,276.0,398.0,179.0,0,False,False,0,False,False
0 days 00:01:28.400000000,26,1,R,C,1.0,2.0,903.0,1412.0,276.0,406.0,181.0,0,False,False,0,False,False
0 days 00:01:28.600000000,26,1,R,C,1.0,2.0,916.0,1425.0,277.0,409.0,179.0,0,False,False,0,False,False
0 days 00:01:28.800000000,26,1,R,C,1.0,2.0,919.0,1428.0,278.0,422.0,167.0,0,False,False,0,False,False
0 days 00:01:29.000000000,26,1,R,C,1.0,2.0,929.0,1438.0,278.0,429.0,176.0,0,False,False,0,False,False
0 days 00:01:29.200000000,26,1,R,C,1.0,2.0,945.0,1454.0,279.0,423.0,178.0,0,False,False,0,False,False
0 days 00:01:29.400000000,26,1,R,C,1.0,2.0,953.0,1462.0,279.0,431.0,174.0,0,False,False,0,False,False
0 days 00:01:29.600000000,26,1,R,C,1.0,2.0,979.0,1488.0,280.0,474.0,174.0,0,False,False,0,False,False
0 days 00:01:29.800000000,26,1,R,C,1.0,2.0,942.0,1451.0,278.0,388.0,180.0,0,False,False,0,False,False
0 days 00:01:30.000000000,26,1,R,C,1.0,2.0,929.0,1438.0,278.0,443.0,172.0,0,False,False,0,False,False
0 days 00:01:30.200000000,26,1,R,C,1.0,2.0,955.0,1464.0,279.0,404.0,178.0,0,False,False,0,False,False
0 days 00:01:30.400000000,26,1,R,C,1.0,2.0,940.0,1449.0,278.0,430.0,175.0,0,False,False,0,False,False
0 days 00:01:30.600000000,26,1,R,C,1.0,2.0,947.0,1456.0,279.0,424.0,178.0,0,False,False,0,False,False
0 days 00:01:30.800000000,26,1,R,C,1.0,2.0,945.0,1454.0,279.0,430.0,182.0,0,False,False,0,False,False
0 days 00:01:31.000000000,26,1,R,C,1.0,2.0,954.0,1463.0,279.0,429.0,183.0,0,False,False,0,False,False
0 days 00:01:31.200000000,26,1,R,C,1.0,2.0,970.0,1479.0,280.0,437.0,178.0,0,False,False,0,False,False
0 days 00:01:31.400000000,26,1,R,C,1.0,2.0,960.0,1469.0,280.0,427.0,180.0,0,False,False,0,False,False
0 days 00:01:31.600000000,26,1,R,C,1.0,2.0,964.0,1473.0,280.0,442.0,185.0,0,False,False,0,False,False
0 days 00:01:31.800000000,26,1,R,C,1.0,2.0,963.0,1472.0,280.0,427.0,182.0,0,False,False,0,False,False
0 days 00:01:32.000000000,26,1,R,C,1.0,2.0,989.0,1498.0,281.0,470.0,177.0,0,False,False,0,False,False
0 days 00:01:32.200000000,26,1,R,C,1.0,2.0,988.0,1497.0,281.0,447.0,173.0,0,False,False,0,False,False
0 days 00:01:32.400000000,26,1,R,C,1.0,2.0,929.0,1438.0,278.0,405.0,182.0,0,False,False,0,False,False
0 days 00:01:32.600000000,26,1,R,C,1.0,2.0,915.0,1424.0,277.0,409.0,181.0,0,False,False,0,False,False
0 days 00:01:32.800000000,26,1,R,C,1.0,2.0,933.0,1442.0,277.0,437.0,173.0,0,False,False,0,False,False
0 days 00:01:33.000000000,26,1,R,C,1.0,2.0,927.0,1436.0,278.0,402.0,176.0,0,False,False,0,False,False
0 days 00:01:33.200000000,26,1,R,C,1.0,2.0,916.0,1425.0,278.0,426.0,175.0,0,False,False,0,False,False
0 days 00:01:33.400000000,26,1,R,C,1.0,2.0,918.0,1427.0,277.0,417.0,185.0,0,False,False,0,False,False
0 days 00:01:33.600000000,26,1,R,C,1.0,2.0,912.0,1421.0,278.0,417.0,181.0,0,False,False,0,False,False
0 days 00:01:33.800000000,26,1,R,C,1.0,2.0,936.0,1445.0,279.0,447.0,178.0,0,False,False,0,False,False
0 days 00:01:34.000000000,26,1,R,C,1.0,2.0,970.0,1479.0,280.0,441.0,179.0,0,False,False,0,False,False
0 days 00:01:34.200000000,26,1,R,C,1.0,2.0,973.0,1482.0,280.0,432.0,181.0,0,False,False,0,False,False
0 days 00:01:34.400000000,26,1,R,C,1.0,2.0,973.0,1482.0,280.0,445.0,183.0,0,False,False,0,False,False
0 days 00:01:34.600000000,26,1,R,C,1.0,2.0,1009.0,1518.0,282.0,496.0,176.0,0,False,False,0,False,False
0 days 00:01:34.800000000,26,1,R,C,1.0,2.0,973.0,1482.0,280.0,399.0,180.0,0,False,False,0,False,False
0 days 00:01:35.000000000,26,1,R,C,1.0,2.0,930.0,1439.0,278.0,423.0,179.0,0,False,False,0,False,False
0 days 00:01:35.200000000,26,1,R,C,1.0,2.0,960.0,1469.0,279.0,442.0,176.0,0,False,False,0,False,False
0 days 00:01:35.400000000,26,1,R,C,1.0,2.0,966.0,1475.0,279.0,442.0,180.0,0,False,False,0,False,False
0 days 00:01:35.600000000,26,1,R,C,1.0,2.0,935.0,1444.0,278.0,407.0,181.0,0,False,False,0,False,False
0 days 00:01:35.800000000,26,1,R,C,1.0,2.0,896.0,1405.0,276.0,396.0,173.0,0,False,False,0,False,False
0 days 00:01:36.000000000,26,1,R,C,1.0,2.0,907.0,1416.0,277.0,422.0,173.0,0,False,False,0,False,False
0 days 00:01:36.200000000,26,1,R,C,1.0,2.0,932.0,1441.0,278.0,428.0,179.0,0,False,False,0,False,False
0 days 00:01:36.400000000,26,1,R,C,1.0,2.0,957.0,1466.0,280.0,450.0,181.0,0,False,False,0,False,False
0 days 00:01:36.600000000,26,1,R,C,1.0,2.0,981.0,1490.0,281.0,467.0,184.0,0,False,False,0,False,False
0 days 00:01:36.800000000,26,1,R,C,1.0,2.0,963.0,1472.0,280.0,427.0,182.0,0,False,False,0,False,False
0 days 00:01:37.000000000,26,1,R,C,1.0,2.0,937.0,1446.0,279.0,416.0,181.0,0,False,False,0,False,False
0 days 00:01:37.200000000,26,1,R,C,1.0,2.0,980.0,1489.0,281.0,489.0,174.0,0,False,False,0,False,False
0 days 00:01:37.400000000,26,1,R,C,1.0,2.0,967.0,1476.0,280.0,410.0,180.0,0,False,False,0,False,False
0 days 00:01:37.600000000,26,1,R,C,1.0,2.0,917.0,1426.0,278.0,400.0,180.0,0,False,False,0,False,False
0 days 00:01:37.800000000,26,1,R,C,1.0,2.0,935.0,1444.0,279.0,426.0,182.0,0,False,False,0,False,False
0 days 00:01:38.000000000,26,1,R,C,1.0,2.0,947.0,1456.0,279.0,432.0,183.0,0,False,False,0,False,False
0 days 00:01:38.200000000,26,1,R,C,1.0,2.0,949.0,1458.0,278.0,427.0,174.0,0,False,False,0,False,False
0 days 00:01:38.400000000,26,1,R,C,1.0,2.0,941.0,1450.0,278.0,432.0,182.0,0,False,False,0,False,False
0 days 00:01:38.600000000,26,1,R,C,1.0,2.0,942.0,1451.0,278.0,428.0,181.0,0,False,False,0,False,False
0 days 00:01:38.800000000,26,1,R,C,1.0,2.0,924.0,1433.0,277.0,402.0,180.0,0,False,False,0,False,False
0 days 00:01:39.000000000,26,1,R,C,1.0,2.0,926.0,1435.0,278.0,421.0,184.0,0,False,False,0,False,False
0 days 00:01:39.200000000,26,1,R,C,1.0,2.0,970.0,1479.0,280.0,452.0,181.0,0,False,False,0,False,False
0 days 00:01:39.400000000,26,1,R,C,1.0,2.0,961.0,1470.0,280.0,415.0,183.0,0,False,False,0,False,False
0 days 00:01:39.600000000,26,1,R,C,1.0,2.0,970.0,1479.0,281.0,455.0,182.0,0,False,False,0,False,False
0 days 00:01:39.800000000,26,1,R,C,1.0,2.0,1019.0,1528.0,283.0,506.0,167.0,0,False,False,0,False,False
0 days 00:01:40.000000000,26,1,R,C,1.0,2.0,987.0,1496.0,281.0,430.0,178.0,0,False,False,0,False,False
0 days 00:01:40.200000000,26,1,R,C,1.0,2.0,944.0,1453.0,278.0,428.0,178.0,0,False,False,0,False,False
0 days 00:01:40.400000000,26,1,R,C,1.0,2.0,942.0,1451.0,279.0,418.0,185.0,0,False,False,0,False,False
0 days 00:01:40.600000000,26,1,R,C,1.0,2.0,953.0,1462.0,279.0,448.0,170.0,0,False,False,0,False,False
0 days 00:01:40.800000000,26,1,R,C,1.0,2.0,958.0,1467.0,279.0,431.0,181.0,0,False,False,0,False,False
0 days 00:01:41.000000000,26,1,R,C,1.0,2.0,960.0,1469.0,279.0,442.0,181.0,0,False,False,0,False,False
0 days 00:01:41.200000000,26,1,R,C,1.0,2.0,975.0,1484.0,280.0,450.0,184.0,0,False,False,0,False,False
0 days 00:01:41.400000000,26,1,R,C,1.0,2.0,940.0,1449.0,279.0,399.0,176.0,0,False,False,0,False,False
0 days 00:01:41.600000000,26,1,R,C,1.0,2.0,914.0,1423.0,277.0,406.0,180.0,0,False,False,0,False,False
0 days 00:01:41.800000000,26,1,R,C,1.0,2.0,925.0,1434.0,277.0,419.0,178.0,0,False,False,0,False,False
0 days 00:01:42.000000000,26,1,R,C,1.0,2.0,915.0,1424.0,277.0,406.0,181.0,0,False,False,0,False,False
0 days 00:01:42.200000000,26,1,R,C,1.0,2.0,939.0,1448.0,279.0,436.0,182.0,0,False,False,0,False,False
0 days 00:01:42.400000000,26,1,R,C,1.0,2.0,938.0,1447.0,279.0,411.0,178.0,0,False,False,0,False,False
0 days 00:01:42.600000000,26,1,R,C,1.0,2.0,901.0,1410.0,277.0,436.0,182.0,0,False,False,0,False,False
0 days 00:01:42.800000000,26,1,R,C,1.0,2.0,913.0,1422.0,277.0,422.0,178.0,0,False,False,0,False,False
0 days 00:01:43.000000000,26,1,R,C,1.0,2.0,950.0,1459.0,279.0,456.0,173.0,0,False,False,0,False,False
0 days 00:01:43.200000000,26,1,R,C,1.0,2.0,949.0,1458.0,279.0,439.0,179.0,0,False,False,0,False,False
0 days 00:01:43.400000000,26,1,R,C,1.0,2.0,927.0,1436.0,278.0,402.0,183.0,0,False,False,0,False,False
0 days 00:01:43.600000000,26,1,R,C,1.0,2.0,946.0,1455.0,279.0,452.0,172.0,0,False,False,0,False,False
0 days 00:01:43.800000000,26,1,R,C,1.0,2.0,977.0,1486.0,280.0,461.0,181.0,0,False,False,0,False,False
0 days 00:01:44.000000000,26,1,R,C,1.0,2.0,987.0,1496.0,281.0,447.0,181.0,0,False,False,0,False,False
0 days 00:01:44.200000000,26,1,R,C,1.0,2.0,971.0,1480.0,280.0,442.0,180.0,0,False,False,0,False,False
0 days 00:01:44.400000000,26,1,R,C,1.0,2.0,955.0,1464.0,279.0,420.0,174.0,0,False,False,0,False,False
0 days 00:01:44.600000000,26,1,R,C,1.0,2.0,944.0,1453.0,279.0,429.0,180.0,0,False,False,0,False,False
0 days 00:01:44.800000000,26,1,R,C,1.0,2.0,1001.0,1510.0,282.0,511.0,167.0,0,False,False,0,False,False
0 days 00:01:45.000000000,26,1,R,C,1.0,2.0,990.0,1499.0,281.0,407.0,179.0,0,False,False,0,False,False
0 days 00:01:45.200000000,26,1,R,C,1.0,2.0,912.0,1421.0,277.0,406.0,186.0,0,False,False,0,False,False
0 days 00:01:45.400000000,26,1,R,C,1.0,2.0,920.0,1429.0,278.0,419.0,183.0,0,False,False,0,False,False
0 days 00:01:45.600000000,26,1,R,C,1.0,2.0,935.0,1444.0,278.0,407.0,179.0,0,False,False,0,False,False
0 days 00:01:45.800000000,26,1,R,C,1.0,2.0,932.0,1441.0,278.0,424.0,182.0,0,False,False,0,False,False
0 days 00:01:46.000000000,26,1,R,C,1.0,2.0,935.0,1444.0,278.0,428.0,172.0,0,False,False,0,False,False
0 days 00:01:46.200000000,26,1,R,C,1.0,2.0,948.0,1457.0,279.0,451.0,179.0,0,False,False,0,False,False
0 days 00:01:46.400000000,26,1,R,C,1.0,2.0,963.0,1472.0,280.0,446.0,182.0,0,False,False,0,False,False
0 days 00:01:46.600000000,26,1,R,C,1.0,2.0,965.0,1474.0,280.0,432.0,183.0,0,False,False,0,False,False
0 days 00:01:46.800000000,26,1,R,C,1.0,2.0,944.0,1453.0,278.0,411.0,180.0,0,False,False,0,False,False
0 days 00:01:47.000000000,26,1,R,C,1.0,2.0,923.0,1432.0,277.0,419.0,176.0,0,False,False,0,False,False
0 days 00:01:47.200000000,26,1,R,C,1.0,2.0,927.0,1436.0,278.0,419.0,176.0,0,False,False,0,False,False
0 days 00:01:47.400000000,26,1,R,C,1.0,2.0,979.0,1488.0,281.0,484.0,176.0,0,False,False,0,False,False
0 days 00:01:47.600000000,26,1,R,C,1.0,2.0,956.0,1465.0,280.0,393.0,175.0,0,False,False,0,False,False
0 days 00:01:47.800000000,26,1,R,C,1.0,2.0,907.0,1416.0,278.0,419.0,175.0,0,False,False,0,False,False
0 days 00:01:48.000000000,26,1,R,C,1.0,2.0,962.0,1471.0,280.0,454.0,181.0,0,False,False,0,False,False
0 days 00:01:48.200000000,26,1,R,C,1.0,2.0,977.0,1486.0,280.0,448.0,178.0,0,False,False,0,False,False
0 days 00:01:48.400000000,26,1,R,C,1.0,2.0,950.0,1459.0,279.0,423.0,175.0,0,False,False,0,False,False
0 days 00:01:48.600000000,26,1,R,C,1.0,2.0,928.0,1437.0,278.0,412.0,185.0,0,False,False,0,False,False
0 days 00:01:48.800000000,26,1,R,C,1.0,2.0,942.0,1451.0,279.0,445.0,181.0,0,False,False,0,False,False
0 days 00:01:49.000000000,26,1,R,C,1.0,2.0,956.0,1465.0,279.0,423.0,185.0,0,False,False,0,False,False
0 days 00:01:49.200000000,26,1,R,C,1.0,2.0,949.0,1458.0,279.0,439.0,185.0,0,False,False,0,False,False
0 days 00:01:49.400000000,26,1,R,C,1.0,2.0,960.0,1469.0,279.0,442.0,173.0,0,False,False,0,False,False
0 days 00:01:49.600000000,26,1,R,C,1.0,2.0,972.0,1481.0,280.0,446.0,172.0,0,False,False,0,False,False
0 days 00:01:49.800000000,26,1,R,C,1.0,2.0,992.0,1501.0,281.0,447.0,183.0,0,False,False,0,False,False
0 days 00:01:50.000000000,26,1,R,C,1.0,2.0,1027.0,1536.0,283.0,483.0,183.0,0,False,False,0,False,False
0 days 00:01:50.200000000,26,1,R,C,1.0,2.0,999.0,1508.0,282.0,434.0,179.0,0,False,False,0,False,False
0 days 00:01:50.400000000,26,1,R,C,1.0,2.0,938.0,1447.0,279.0,428.0,176.0,0,False,False,0,False,False
0 days 00:01:50.600000000,26,1,R,C,1.0,2.0,931.0,1440.0,279.0,421.0,180.0,0,False,False,0,False,False
0 days 00:01:50.800000000,26,1,R,C,1.0,2.0,923.0,1432.0,278.0,408.0,178.0,0,False,False,0,False,False
0 days 00:01:51.000000000,26,1,R,C,1.0,2.0,909.0,1418.0,276.0,401.0,187.0,0,False,False,0,False,False
0 days 00:01:51.200000000,26,1,R,C,1.0,2.0,897.0,1406.0,276.0,390.0,172.0,0,False,False,0,False,False
0 days 00:01:51.400000000,26,1,R,C,1.0,2.0,907.0,1416.0,276.0,418.0,178.0,0,False,False,0,False,False
0 days 00:01:51.600000000,26,1,R,C,1.0,2.0,919.0,1428.0,278.0,411.0,182.0,0,False,False,0,False,False
0 days 00:01:51.800000000,26,1,R,C,1.0,2.0,918.0,1427.0,277.0,424.0,181.0,0,False,False,0,False,False
0 days 00:01:52.000000000,26,1,R,C,1.0,2.0,920.0,1429.0,277.0,398.0,188.0,0,False,False,0,False,False
0 days 00:01:52.200000000,26,1,R,C,1.0,2.0,936.0,1445.0,278.0,423.0,178.0,0,False,False,0,False,False
0 days 00:01:52.400000000,26,1,R,C,1.0,2.0,1001.0,1510.0,282.0,480.0,175.0,0,False,False,0,False,False
0 days 00:01:52.600000000,26,1,R,C,1.0,2.0,987.0,1496.0,281.0,422.0,172.0,0,False,False,0,False,False
0 days 00:01:52.800000000,26,1,R,C,1.0,2.0,917.0,1426.0,278.0,413.0,179.0,0,False,False,0,False,False
0 days 00:01:53.000000000,26,1,R,C,1.0,2.0,929.0,1438.0,277.0,427.0,183.0,0,False,False,0,False,False
0 days 00:01:53.200000000,26,1,R,C,1.0,2.0,938.0,1447.0,278.0,408.0,176.0,0,False,False,0,False,False
0 days 00:01:53.400000000,26,1,R,C,1.0,2.0,917.0,1426.0,277.0,406.0,180.0,0,False,False,0,False,False
0 days 00:01:53.600000000,26,1,R,C,1.0,2.0,908.0,1417.0,276.0,398.0,184.0,0,False,False,0,False,False
0 days 00:01:53.800000000,26,1,R,C,1.0,2.0,942.0,1451.0,278.0,448.0,181.0,0,False,False,0,False,False
0 days 00:01:54.000000000,26,1,R,C,1.0,2.0,983.0,1492.0,281.0,449.0,179.0,0,False,False,0,False,False
0 days 00:01:54.200000000,26,1,R,C,1.0,2.0,995.0,1504.0,282.0,462.0,184.0,0,False,False,0,False,False
0 days 00:01:54.400000000,26,1,R,C,1.0,2.0,991.0,1500.0,281.0,448.0,178.0,0,False,False,0,False,False
0 days 00:01:54.600000000,26,1,R,C,1.0,2.0,964.0,1473.0,279.0,442.0,176.0,0,False,False,0,False,False
0 days 00:01:54.800000000,26,1,R,C,1.0,2.0,945.0,1454.0,278.0,427.0,176.0,0,False,False,0,False,False
0 days 00:01:55.000000000,26,1,R,C,1.0,2.0,988.0,1497.0,281.0,485.0,182.0,0,False,False,0,False,False
0 days 00:01:55.200000000,26,1,R,C,1.0,2.0,972.0,1481.0,279.0,401.0,180.0,0,False,False,0,False,False
0 days 00:01:55.400000000,26,1,R,C,1.0,2.0,935.0,1444.0,277.0,430.0,171.0,0,False,False,0,False,False
0 days 00:01:55.600000000,26,1,R,C,1.0,2.0,942.0,1451.0,278.0,430.0,168.0,0,False,False,0,False,False
0 days 00:01:55.800000000,26,1,R,C,1.0,2.0,920.0,1429.0,277.0,401.0,181.0,0,False,False,0,False,False
0 days 00:01:56.000000000,26,1,R,C,1.0,2.0,901.0,1410.0,276.0,399.0,177.0,0,False,False,0,False,False
0 days 00:01:56.200000000,26,1,R,C,1.0,2.0,877.0,1386.0,276.0,377.0,169.0,0,False,False,0,False,False
0 days 00:01:56.400000000,26,1,R,C,1.0,2.0,876.0,1385.0,275.0,390.0,182.0,0,False,False,0,False,False
0 days 00:01:56.600000000,26,1,R,C,1.0,2.0,890.0,1399.0,277.0,397.0,174.0,0,False,False,0,False,False
0 days 00:01:56.800000000,26,1,R,C,1.0,2.0,908.0,1417.0,278.0,412.0,180.0,0,False,False,0,False,False
0 days 00:01:57.000000000,26,1,R,C,1.0,2.0,925.0,1434.0,278.0,433.0,174.0,0,False,False,0,False,False
0 days 00:01:57.200000000,26,1,R,C,1.0,2.0,932.0,1441.0,278.0,407.0,179.0,0,False,False,0,False,False
0 days 00:01:57.400000000,26,1,R,C,1.0,2.0,934.0,1443.0,278.0,430.0,180.0,0,False,False,0,False,False
0 days 00:01:57.600000000,26,1,R,C,1.0,2.0,996.0,1505.0,281.0,507.0,176.0,0,False,False,0,False,False
0 days 00:01:57.800000000,26,1,R,C,1.0,2.0,992.0,1501.0,281.0,432.0,183.0,0,False,False,0,False,False
0 days 00:01:58.000000000,26,1,R,C,1.0,2.0,936.0,1445.0,278.0,437.0,181.0,0,False,False,0,False,False
0 days 00:01:58.200000000,26,1,R,C,1.0,2.0,943.0,1452.0,278.0,427.0,181.0,0,False,False,0,False,False
0 days 00:01:58.400000000,26,1,R,C,1.0,2.0,955.0,1464.0,279.0,453.0,175.0,0,False,False,0,False,False
0 days 00:01:58.600000000,26,1,R,C,1.0,2.0,966.0,1475.0,280.0,431.0,180.0,0,False,False,0,False,False
0 days 00:01:58.800000000,26,1,R,C,1.0,2.0,964.0,1473.0,280.0,444.0,183.0,0,False,False,0,False,False
0 days 00:01:59.000000000,26,1,R,C,1.0,2.0,963.0,1472.0,280.0,452.0,179.0,0,False,False,0,False,False
0 days 00:01:59.200000000,26,1,R,C,1.0,2.0,955.0,1464.0,279.0,429.0,174.0,0,False,False,0,False,False
0 days 00:01:59.400000000,26,1,R,C,1.0,2.0,967.0,1476.0,280.0,457.0,171.0,0,False,False,0,False,False
0 days 00:01:59.600000000,26,1,R,C,1.0,2.0,977.0,1486.0,280.0,433.0,179.0,0,False,False,0,False,False
0 days 00:01:59.800000000,26,1,R,C,1.0,2.0,976.0,1485.0,280.0,438.0,184.0,0,False,False,0,False,False
0 days 00:02:00.000000000,26,1,R,C,1.0,2.0,983.0,1492.0,280.0,432.0,184.0,0,False,False,0,False,False
0 days 00:02:00.200000000,26,1,R,C,1.0,2.0,1001.0,1510.0,281.0,477.0,176.0,0,False,False,0,False,False
0 days 00:02:00.400000000,26,1,R,C,1.0,2.0,965.0,1474.0,280.0,412.0,176.0,0,False,False,0,False,False
0 days 00:02:00.600000000,26,1,R,C,1.0,2.0,923.0,1432.0,278.0,410.0,183.0,0,False,False,0,False,False
0 days 00:02:00.800000000,26,1,R,C,1.0,2.0,940.0,1449.0,278.0,427.0,179.0,0,False,False,0,False,False
0 days 00:02:01.000000000,26,1,R,C,1.0,2.0,925.0,1434.0,278.0,407.0,184.0,0,False,False,0,False,False
0 days 00:02:01.200000000,26,1,R,C,1.0,2.0,913.0,1422.0,277.0,411.0,173.0,0,False,False,0,False,False
0 days 00:02:01.400000000,26,1,R,C,1.0,2.0,920.0,1429.0,277.0,397.0,187.0,0,False,False,0,False,False
0 days 00:02:01.600000000,26,1,R,C,1.0,2.0,939.0,1448.0,279.0,436.0,186.0,0,False,False,0,False,False
0 days 00:02:01.800000000,26,1,R,C,1.0,2.0,974.0,1483.0,280.0,456.0,180.0,0,False,False,0,False,False
0 days 00:02:02.000000000,26,1,R,C,1.0,2.0,975.0,1484.0,280.0,427.0,181.0,0,False,False,0,False,False
0 days 00:02:02.200000000,26,1,R,C,1.0,2.0,952.0,1461.0,279.0,439.0,175.0,0,False,False,0,False,False
0 days 00:02:02.400000000,26,1,R,C,1.0,2.0,948.0,1457.0,279.0,423.0,181.0,0,False,False,0,False,False
0 days 00:02:02.600000000,26,1,R,C,1.0,2.0,994.0,1503.0,281.0,495.0,181.0,0,False,False,0,False,False
0 days 00:02:02.800000000,26,1,R,C,1.0,2.0,999.0,1508.0,282.0,432.0,173.0,0,False,False,0,False,False
0 days 00:02:03.000000000,26,1,R,C,1.0,2.0,972.0,1481.0,280.0,451.0,185.0,0,False,False,0,False,False
0 days 00:02:03.200000000,26,1,R,C,1.0,2.0,985.0,1494.0,281.0,448.0,178.0,0,False,False,0,False,False
0 days 00:02:03.400000000,26,1,R,C,1.0,2.0,988.0,1497.0,281.0,451.0,178.0,0,False,False,0,False,False
0 days 00:02:03.600000000,26,1,R,C,1.0,2.0,974.0,1483.0,280.0,436.0,184.0,0,False,False,0,False,False
0 days 00:02:03.800000000,26,1,R,C,1.0,2.0,969.0,1478.0,281.0,438.0,181.0,0,False,False,0,False,False
0 days 00:02:04.000000000,26,1,R,C,1.0,2.0,961.0,1470.0,280.0,416.0,174.0,0,False,False,0,False,False
0 days 00:02:04.200000000,26,1,R,C,1.0,2.0,957.0,1466.0,279.0,436.0,180.0,0,False,False,0,False,False
0 days 00:02:04.400000000,26,1,R,C,1.0,2.0,970.0,1479.0,280.0,439.0,180.0,0,False,False,0,False,False
0 days 00:02:04.600000000,26,1,R,C,1.0,2.0,960.0,1469.0,279.0,441.0,174.0,0,False,False,0,False,False
0 days 00:02:04.800000000,26,1,R,C,1.0,2.0,945.0,1454.0,279.0,417.0,175.0,0,False,False,0,False,False
0 days 00:02:05.000000000,26,1,R,C,1.0,2.0,950.0,1459.0,279.0,431.0,182.0,0,False,False,0,False,False
0 days 00:02:05.200000000,26,1,R,C,1.0,2.0,1023.0,1532.0,282.0,521.0,174.0,0,False,False,0,False,False
0 days 00:02:05.400000000,26,1,R,C,1.0,2.0,1000.0,1509.0,281.0,401.0,179.0,0,False,False,0,False,False
0 days 00:02:05.600000000,26,1,R,C,1.0,2.0,913.0,1422.0,277.0,416.0,178.0,0,False,False,0,False,False
0 days 00:02:05.800000000,26,1,R,C,1.0,2.0,923.0,1432.0,277.0,432.0,173.0,0,False,False,0,False,False
0 days 00:02:06.000000000,26,1,R,C,1.0,2.0,940.0,1449.0,278.0,422.0,186.0,0,False,False,0,False,False
0 days 00:02:06.200000000,26,1,R,C,1.0,2.0,934.0,1443.0,278.0,413.0,182.0,0,False,False,0,False,False
0 days 00:02:06.400000000,26,1,R,C,1.0,2.0,924.0,1433.0,279.0,419.0,174.0,0,False,False,0,False,False
0 days 00:02:06.600000000,26,1,R,C,1.0,2.0,935.0,1444.0,279.0,431.0,175.0,0,False,False,0,False,False
0 days 00:02:06.800000000,26,1,R,C,1.0,2.0,958.0,1467.0,280.0,438.0,176.0,0,False,False,0,False,False
0 days 00:02:07.000000000,26,1,R,C,1.0,2.0,995.0,1504.0,282.0,475.0,179.0,0,False,False,0,False,False
0 days 00:02:07.200000000,26,1,R,C,1.0,2.0,1004.0,1513.0,282.0,449.0,182.0,0,False,False,0,False,False
0 days 00:02:07.400000000,26,1,R,C,1.0,2.0,976.0,1485.0,281.0,431.0,185.0,0,False,False,0,False,False
0 days 00:02:07.600000000,26,1,R,C,1.0,2.0,989.0,1498.0,281.0,467.0,184.0,0,False,False,0,False,False
0 days 00:02:07.800000000,26,1,R,C,1.0,2.0,1047.0,1556.0,284.0,497.0,178.0,0,False,False,0,False,False
0 days 00:02:08.000000000,26,1,R,C,1.0,2.0,1004.0,1513.0,282.0,425.0,179.0,0,False,False,0,False,False
0 days 00:02:08.200000000,26,1,R,C,1.0,2.0,959.0,1468.0,280.0,461.0,174.0,0,False,False,0,False,False
0 days 00:02:08.400000000,26,1,R,C,1.0,2.0,986.0,1495.0,281.0,442.0,174.0,0,False,False,0,False,False
0 days 00:02:08.600000000,26,1,R,C,1.0,2.0,986.0,1495.0,281.0,465.0,178.0,0,False,False,0,False,False
0 days 00:02:08.800000000,26,1,R,C,1.0,2.0,956.0,1465.0,279.0,424.0,176.0,0,False,False,0,False,False
0 days 00:02:09.000000000,26,1,R,C,1.0,2.0,919.0,1428.0,277.0,431.0,174.0,0,False,False,0,False,False
0 days 00:02:09.200000000,26,1,R,C,1.0,2.0,912.0,1421.0,277.0,400.0,181.0,0,False,False,0,False,False
0 days 00:02:09.400000000,26,1,R,C,1.0,2.0,909.0,1418.0,278.0,397.0,182.0,0,False,False,0,False,False
0 days 00:02:09.600000000,26,1,R,C,1.0,2.0,920.0,1429.0,278.0,431.0,182.0,0,False,False,0,False,False
0 days 00:02:09.800000000,26,1,R,C,1.0,2.0,930.0,1439.0,278.0,419.0,179.0,0,False,False,0,False,False
0 days 00:02:10.000000000,26,1,R,C,1.0,2.0,927.0,1436.0,278.0,413.0,187.0,0,False,False,0,False,False
0 days 00:02:10.200000000,26,1,R,C,1.0,2.0,926.0,1435.0,278.0,418.0,181.0,0,False,False,0,False,False
0 days 00:02:10.400000000,26,1,R,C,1.0,2.0,967.0,1476.0,280.0,463.0,181.0,0,False,False,0,False,False
0 days 00:02:10.600000000,26,1,R,C,1.0,2.0,975.0,1484.0,280.0,435.0,181.0,0,False,False,0,False,False
0 days 00:02:10.800000000,26,1,R,C,1.0,2.0,936.0,1445.0,278.0,425.0,178.0,0,False,False,0,False,False
0 days 00:02:11.000000000,26,1,R,C,1.0,2.0,925.0,1434.0,278.0,416.0,178.0,0,False,False,0,False,False
0 days 00:02:11.200000000,26,1,R,C,1.0,2.0,951.0,1460.0,280.0,440.0,181.0,0,False,False,0,False,False
0 days 00:02:11.400000000,26,1,R,C,1.0,2.0,951.0,1460.0,279.0,418.0,166.0,0,False,False,0,False,False
0 days 00:02:11.600000000,26,1,R,C,1.0,2.0,927.0,1436.0,277.0,410.0,182.0,0,False,False,0,False,False
0 days 00:02:11.800000000,26,1,R,C,1.0,2.0,959.0,1468.0,280.0,451.0,180.0,0,False,False,0,False,False
0 days 00:02:12.000000000,26,1,R,C,1.0,2.0,981.0,1490.0,281.0,438.0,177.0,0,False,False,0,False,False
0 days 00:02:12.200000000,26,1,R,C,1.0,2.0,969.0,1478.0,281.0,438.0,184.0,0,False,False,0,False,False
0 days 00:02:12.400000000,26,1,R,C,1.0,2.0,954.0,1463.0,280.0,433.0,181.0,0,False,False,0,False,False
0 days 00:02:12.600000000,26,1,R,C,1.0,2.0,938.0,1447.0,278.0,411.0,179.0,0,False,False,0,False,False
0 days 00:02:12.800000000,26,1,R,C,1.0,2.0,974.0,1483.0,281.0,455.0,180.0,0,False,False,0,False,False
0 days 00:02:13.000000000,26,1,R,C,1.0,2.0,977.0,1486.0,281.0,433.0,172.0,0,False,False,0,False,False
0 days 00:02:13.200000000,26,1,R,C,1.0,2.0,901.0,1410.0,277.0,384.0,184.0,0,False,False,0,False,False
0 days 00:02:13.400000000,26,1,R,C,1.0,2.0,883.0,1392.0,276.0,392.0,172.0,0,False,False,0,False,False
0 days 00:02:13.600000000,26,1,R,C,1.0,2.0,888.0,1397.0,277.0,382.0,179.0,0,False,False,0,False,False
0 days 00:02:13.800000000,26,1,R,C,1.0,2.0,893.0,1402.0,277.0,412.0,186.0,0,False,False,0,False,False
0 days 00:02:14.000000000,26,1,R,C,1.0,2.0,903.0,1412.0,278.0,395.0,171.0,0,False,False,0,False,False
0 days 00:02:14.200000000,26,1,R,C,1.0,2.0,883.0,1392.0,277.0,396.0,178.0,0,False,False,0,False,False
0 days 00:02:14.400000000,26,1,R,C,1.0,2.0,896.0,1405.0,277.0,418.0,180.0,0,False,False,0,False,False
0 days 00:02:14.600000000,26,1,R,C,1.0,2.0,913.0,1422.0,278.0,394.0,182.0,0,False,False,0,False,False
0 days 00:02:14.800000000,26,1,R,C,1.0,2.0,914.0,1423.0,277.0,427.0,175.0,0,False,False,0,False,False
0 days 00:02:15.000000000,26,1,R,C,1.0,2.0,908.0,1417.0,277.0,399.0,180.0,0,False,False,0,False,False
0 days 00:02:15.200000000,26,1,R,C,1.0,2.0,894.0,1403.0,277.0,393.0,175.0,0,False,False,0,False,False
0 days 00:02:15.400000000,26,1,R,C,1.0,2.0,955.0,1464.0,280.0,489.0,174.0,0,False,False,0,False,False
0 days 00:02:15.600000000,26,1,R,C,1.0,2.0,945.0,1454.0,280.0,398.0,172.0,0,False,False,0,False,False
0 days 00:02:15.800000000,26,1,R,C,1.0,2.0,910.0,1419.0,278.0,445.0,171.0,0,False,False,0,False,False
0 days 00:02:16.000000000,26,1,R,C,1.0,2.0,947.0,1456.0,280.0,416.0,183.0,0,False,False,0,False,False
0 days 00:02:16.200000000,26,1,R,C,1.0,2.0,928.0,1437.0,279.0,405.0,184.0,0,False,False,0,False,False
0 days 00:02:16.400000000,26,1,R,C,1.0,2.0,897.0,1406.0,277.0,387.0,181.0,0,False,False,0,False,False
0 days 00:02:16.600000000,26,1,R,C,1.0,2.0,901.0,1410.0,277.0,417.0,180.0,0,False,False,0,False,False
0 days 00:02:16.800000000,26,1,R,C,1.0,2.0,933.0,1442.0,279.0,436.0,179.0,0,False,False,0,False,False
0 days 00:02:17.000000000,26,1,R,C,1.0,2.0,950.0,1459.0,279.0,454.0,183.0,0,False,False,0,False,False
0 days 00:02:17.200000000,26,1,R,C,1.0,2.0,960.0,1469.0,280.0,451.0,185.0,0,False,False,0,False,False
0 days 00:02:17.400000000,26,1,R,C,1.0,2.0,972.0,1481.0,281.0,446.0,169.0,0,False,False,0,False,False
0 days 00:02:17.600000000,26,1,R,C,1.0,2.0,965.0,1474.0,281.0,431.0,178.0,0,False,False,0,False,False
0 days 00:02:17.800000000,26,1,R,C,1.0,2.0,950.0,1459.0,280.0,425.0,175.0,0,False,False,0,False,False
0 days 00:02:18.000000000,26,1,R,C,1.0,2.0,981.0,1490.0,281.0,478.0,183.0,0,False,False,0,False,False
0 days 00:02:18.200000000,26,1,R,C,1.0,2.0,955.0,1464.0,280.0,406.0,175.0,0,False,False,0,False,False
0 days 00:02:18.400000000,26,1,R,C,1.0,2.0,911.0,1420.0,277.0,436.0,172.0,0,False,False,0,False,False
0 days 00:02:18.600000000,26,1,R,C,1.0,2.0,916.0,1425.0,277.0,400.0,174.0,0,False,False,0,False,False
0 days 00:02:18.800000000,26,1,R,C,1.0,2.0,895.0,1404.0,276.0,415.0,178.0,0,False,False,0,False,False
0 days 00:02:19.000000000,26,1,R,C,1.0,2.0,880.0,1389.0,275.0,393.0,174.0,0,False,False,0,False,False
0 days 00:02:19.200000000,26,1,R,C,1.0,2.0,885.0,1394.0,276.0,405.0,181.0,0,False,False,0,False,False
0 days 00:02:19.400000000,26,1,R,C,1.0,2.0,908.0,1417.0,277.0,416.0,180.0,0,False,False,0,False,False
0 days 00:02:19.600000000,26,1,R,C,1.0,2.0,921.0,1430.0,278.0,424.0,175.0,0,False,False,0,False,False
0 days 00:02:19.800000000,26,1,R,C,1.0,2.0,939.0,1448.0,279.0,438.0,175.0,0,False,False,0,False,False
0 days 00:02:20.000000000,26,1,R,C,1.0,2.0,949.0,1458.0,280.0,433.0,178.0,0,False,False,0,False,False
0 days 00:02:20.200000000,26,1,R,C,1.0,2.0,944.0,1453.0,279.0,423.0,179.0,0,False,False,0,False,False
0 days 00:02:20.400000000,26,1,R,C,1.0,2.0,959.0,1468.0,280.0,437.0,178.0,0,False,False,0,False,False
0 days 00:02:20.600000000,26,1,R,C,1.0,2.0,976.0,1485.0,281.0,449.0,186.0,0,False,False,0,False,False
0 days 00:02:20.800000000,26,1,R,C,1.0,2.0,942.0,1451.0,279.0,423.0,178.0,0,False,False,0,False,False
0 days 00:02:21.000000000,26,1,R,C,1.0,2.0,931.0,1440.0,278.0,428.0,183.0,0,False,False,0,False,False
0 days 00:02:21.200000000,26,1,R,C,1.0,2.0,940.0,1449.0,279.0,409.0,180.0,0,False,False,0,False,False
0 days 00:02:21.400000000,26,1,R,C,1.0,2.0,956.0,1465.0,279.0,441.0,175.0,0,False,False,0,False,False
0 days 00:02:21.600000000,26,1,R,C,1.0,2.0,972.0,1481.0,281.0,426.0,182.0,0,False,False,0,False,False
0 days 00:02:21.800000000,26,1,R,C,1.0,2.0,945.0,1454.0,280.0,425.0,182.0,0,False,False,0,False,False
0 days 00:02:22.000000000,26,1,R,C,1.0,2.0,945.0,1454.0,279.0,443.0,182.0,0,False,False,0,False,False
0 days 00:02:22.200000000,26,1,R,C,1.0,2.0,948.0,1457.0,280.0,416.0,186.0,0,False,False,0,False,False
0 days 00:02:22.400000000,26,1,R,C,1.0,2.0,950.0,1459.0,280.0,438.0,174.0,0,False,False,0,False,False
0 days 00:02:22.600000000,26,1,R,C,1.0,2.0,958.0,1467.0,279.0,431.0,180.0,0,False,False,0,False,False
0 days 00:02:22.800000000,26,1,R,C,1.0,2.0,920.0,1429.0,277.0,380.0,174.0,0,False,False,0,False,False
0 days 00:02:23.000000000,26,1,R,C,1.0,2.0,940.0,1449.0,279.0,455.0,177.0,0,False,False,0,False,False
0 days 00:02:23.200000000,26,1,R,C,1.0,2.0,973.0,1482.0,280.0,440.0,178.0,0,False,False,0,False,False
0 days 00:02:23.400000000,26,1,R,C,1.0,2.0,934.0,1443.0,279.0,422.0,179.0,0,False,False,0,False,False
0 days 00:02:23.600000000,26,1,R,C,1.0,2.0,935.0,1444.0,279.0,431.0,179.0,0,False,False,0,False,False
0 days 00:02:23.800000000,26,1,R,C,1.0,2.0,958.0,1467.0,280.0,441.0,176.0,0,False,False,0,False,False
0 days 00:02:24.000000000,26,1,R,C,1.0,2.0,941.0,1450.0,279.0,424.0,171.0,0,False,False,0,False,False
0 days 00:02:24.200000000,26,1,R,C,1.0,2.0,923.0,1432.0,278.0,427.0,180.0,0,False,False,0,False,False
0 days 00:02:24.400000000,26,1,R,C,1.0,2.0,919.0,1428.0,277.0,424.0,184.0,0,False,False,0,False,False
0 days 00:02:24.600000000,26,1,R,C,1.0,2.0,920.0,1429.0,278.0,416.0,174.0,0,False,False,0,False,False
0 days 00:02:24.800000000,26,1,R,C,1.0,2.0,942.0,1451.0,279.0,448.0,185.0,0,False,False,0,False,False
0 days 00:02:25.000000000,26,1,R,C,1.0,2.0,987.0,1496.0,281.0,460.0,182.0,0,False,False,0,False,False
0 days 00:02:25.200000000,26,1,R,C,1.0,2.0,978.0,1487.0,280.0,427.0,178.0,0,False,False,0,False,False
0 days 00:02:25.400000000,26,1,R,C,1.0,2.0,942.0,1451.0,279.0,421.0,180.0,0,False,False,0,False,False
0 days 00:02:25.600000000,26,1,R,C,1.0,2.0,1015.0,1524.0,283.0,523.0,172.0,0,False,False,0,False,False
0 days 00:02:25.800000000,26,1,R,C,1.0,2.0,1024.0,1533.0,283.0,432.0,183.0,0,False,False,0,False,False
0 days 00:02:26.000000000,26,1,R,C,1.0,2.0,940.0,1449.0,279.0,406.0,183.0,0,False,False,0,False,False
0 days 00:02:26.200000000,26,1,R,C,1.0,2.0,929.0,1438.0,278.0,423.0,178.0,0,False,False,0,False,False
0 days 00:02:26.400000000,26,1,R,C,1.0,2.0,938.0,1447.0,279.0,418.0,182.0,0,False,False,0,False,False
0 days 00:02:26.600000000,26,1,R,C,1.0,2.0,957.0,1466.0,280.0,449.0,176.0,0,False,False,0,False,False
0 days 00:02:26.800000000,26,1,R,C,1.0,2.0,965.0,1474.0,280.0,442.0,178.0,0,False,False,0,False,False
0 days 00:02:27.000000000,26,1,R,C,1.0,2.0,944.0,1453.0,279.0,414.0,178.0,0,False,False,0,False,False
0 days 00:02:27.200000000,26,1,R,C,1.0,2.0,923.0,1432.0,278.0,416.0,182.0,0,False,False,0,False,False
0 days 00:02:27.400000000,26,1,R,C,1.0,2.0,953.0,1462.0,280.0,450.0,182.0,0,False,False,0,False,False
0 days 00:02:27.600000000,26,1,R,C,1.0,2.0,975.0,1484.0,281.0,435.0,180.0,0,False,False,0,False,False
0 days 00:02:27.800000000,26,1,R,C,1.0,2.0,945.0,1454.0,279.0,420.0,181.0,0,False,False,0,False,False
0 days 00:02:28.000000000,26,1,R,C,1.0,2.0,943.0,1452.0,279.0,431.0,177.0,0,False,False,0,False,False
0 days 00:02:28.200000000,26,1,R,C,1.0,2.0,994.0,1503.0,282.0,484.0,179.0,0,False,False,0,False,False
0 days 00:02:28.400000000,26,1,R,C,1.0,2.0,952.0,1461.0,280.0,395.0,174.0,0,False,False,0,False,False
0 days 00:02:28.600000000,26,1,R,C,1.0,2.0,912.0,1421.0,278.0,436.0,182.0,0,False,False,0,False,False
0 days 00:02:28.800000000,26,1,R,C,1.0,2.0,968.0,1477.0,281.0,440.0,182.0,0,False,False,0,False,False
0 days 00:02:29.000000000,26,1,R,C,1.0,2.0,961.0,1470.0,280.0,420.0,177.0,0,False,False,0,False,False
0 days 00:02:29.200000000,26,1,R,C,1.0,2.0,925.0,1434.0,278.0,422.0,187.0,0,False,False,0,False,False
0 days 00:02:29.400000000,26,1,R,C,1.0,2.0,909.0,1418.0,277.0,402.0,185.0,0,False,False,0,False,False
0 days 00:02:29.600000000,26,1,R,C,1.0,2.0,920.0,1429.0,278.0,423.0,176.0,0,False,False,0,False,False
0 days 00:02:29.800000000,26,1,R,C,1.0,2.0,965.0,1474.0,281.0,459.0,176.0,0,False,False,0,False,False
0 days 00:02:30.000000000,26,1,R,C,1.0,2.0,979.0,1488.0,281.0,439.0,181.0,0,False,False,0,False,False
0 days 00:02:30.200000000,26,1,R,C,1.0,2.0,947.0,1456.0,280.0,412.0,182.0,0,False,False,0,False,False
0 days 00:02:30.400000000,26,1,R,C,1.0,2.0,947.0,1456.0,281.0,418.0,182.0,0,False,False,0,False,False
0 days 00:02:30.600000000,26,1,R,C,1.0,2.0,997.0,1506.0,283.0,466.0,172.0,0,False,False,0,False,False
0 days 00:02:30.800000000,26,1,R,C,1.0,2.0,1053.0,1562.0,286.0,508.0,176.0,0,False,False,0,False,False
0 days 00:02:31.000000000,26,1,R,C,1.0,2.0,1015.0,1524.0,284.0,438.0,175.0,0,False,False,0,False,False
0 days 00:02:31.200000000,26,1,R,C,1.0,2.0,959.0,1468.0,281.0,428.0,178.0,0,False,False,0,False,False
0 days 00:02:31.400000000,26,1,R,C,1.0,2.0,961.0,1470.0,281.0,424.0,184.0,0,False,False,0,False,False
0 days 00:02:31.600000000,26,1,R,C,1.0,2.0,935.0,1444.0,279.0,404.0,183.0,0,False,False,0,False,False
0 days 00:02:31.800000000,26,1,R,C,1.0,2.0,888.0,1397.0,277.0,386.0,180.0,0,False,False,0,False,False
0 days 00:02:32.000000000,26,1,R,C,1.0,2.0,882.0,1391.0,277.0,401.0,178.0,0,False,False,0,False,False
0 days 00:02:32.200000000,26,1,R,C,1.0,2.0,890.0,1399.0,278.0,395.0,176.0,0,False,False,0,False,False
0 days 00:02:32.400000000,26,1,R,C,1.0,2.0,897.0,1406.0,278.0,406.0,183.0,0,False,False,0,False,False
0 days 00:02:32.600000000,26,1,R,C,1.0,2.0,939.0,1448.0,279.0,453.0,181.0,0,False,False,0,False,False
0 days 00:02:32.800000000,26,1,R,C,1.0,2.0,951.0,1460.0,280.0,417.0,181.0,0,False,False,0,False,False
0 days 00:02:33.000000000,26,1,R,C,1.0,2.0,932.0,1441.0,279.0,421.0,178.0,0,False,False,0,False,False
0 days 00:02:33.200000000,26,1,R,C,1.0,2.0,960.0,1469.0,280.0,454.0,183.0,0,False,False,0,False,False
0 days 00:02:33.400000000,26,1,R,C,1.0,2.0,976.0,1485.0,281.0,435.0,172.0,0,False,False,0,False,False
0 days 00:02:33.600000000,26,1,R,C,1.0,2.0,956.0,1465.0,280.0,417.0,178.0,0,False,False,0,False,False
0 days 00:02:33.800000000,26,1,R,C,1.0,2.0,959.0,1468.0,281.0,438.0,180.0,0,False,False,0,False,False
0 days 00:02:34.000000000,26,1,R,C,1.0,2.0,965.0,1474.0,281.0,428.0,174.0,0,False,False,0,False,False
0 days 00:02:34.200000000,26,1,R,C,1.0,2.0,956.0,1465.0,280.0,433.0,176.0,0,False,False,0,False,False
0 days 00:02:34.400000000,26,1,R,C,1.0,2.0,924.0,1433.0,279.0,391.0,176.0,0,False,False,0,False,False
0 days 00:02:34.600000000,26,1,R,C,1.0,2.0,915.0,1424.0,278.0,418.0,180.0,0,False,False,0,False,False
0 days 00:02:34.800000000,26,1,R,C,1.0,2.0,918.0,1427.0,278.0,399.0,182.0,0,False,False,0,False,False
0 days 00:02:35.000000000,26,1,R,C,1.0,2.0,924.0,1433.0,279.0,427.0,183.0,0,False,False,0,False,False
0 days 00:02:35.200000000,26,1,R,C,1.0,2.0,950.0,1459.0,280.0,430.0,184.0,0,False,False,0,False,False
0 days 00:02:35.400000000,26,1,R,C,1.0,2.0,948.0,1457.0,280.0,422.0,187.0,0,False,False,0,False,False
0 days 00:02:35.600000000,26,1,R,C,1.0,2.0,940.0,1449.0,280.0,412.0,181.0,0,False,False,0,False,False
0 days 00:02:35.800000000,26,1,R,C,1.0,2.0,1011.0,1520.0,284.0,529.0,176.0,0,False,False,0,False,False
0 days 00:02:36.000000000,26,1,R,C,1.0,2.0,996.0,1505.0,283.0,412.0,187.0,0,False,False,0,False,False
0 days 00:02:36.200000000,26,1,R,C,1.0,2.0,917.0,1426.0,279.0,419.0,175.0,0,False,False,0,False,False
0 days 00:02:36.400000000,26,1,R,C,1.0,2.0,923.0,1432.0,279.0,396.0,180.0,0,False,False,0,False,False
0 days 00:02:36.600000000,26,1,R,C,1.0,2.0,927.0,1436.0,278.0,431.0,170.0,0,False,False,0,False,False
0 days 00:02:36.800000000,26,1,R,C,1.0,2.0,908.0,1417.0,277.0,386.0,181.0,0,False,False,0,False,False
0 days 00:02:37.000000000,26,1,R,C,1.0,2.0,867.0,1376.0,275.0,392.0,181.0,0,False,False,0,False,False
0 days 00:02:37.200000000,26,1,R,C,1.0,2.0,874.0,1383.0,276.0,412.0,182.0,0,False,False,0,False,False
0 days 00:02:37.400000000,26,1,R,C,1.0,2.0,907.0,1416.0,278.0,427.0,173.0,0,False,False,0,False,False
0 days 00:02:37.600000000,26,1,R,C,1.0,2.0,931.0,1440.0,279.0,436.0,182.0,0,False,False,0,False,False
0 days 00:02:37.800000000,26,1,R,C,1.0,2.0,930.0,1439.0,279.0,422.0,176.0,0,False,False,0,False,False
0 days 00:02:38.000000000,26,1,R,C,1.0,2.0,939.0,1448.0,280.0,433.0,183.0,0,False,False,0,False,False
0 days 00:02:38.200000000,26,1,R,C,1.0,2.0,958.0,1467.0,281.0,451.0,181.0,0,False,False,0,False,False
0 days 00:02:38.400000000,26,1,R,C,1.0,2.0,991.0,1500.0,282.0,493.0,173.0,0,False,False,0,False,False
0 days 00:02:38.600000000,26,1,R,C,1.0,2.0,963.0,1472.0,280.0,400.0,175.0,0,False,False,0,False,False
0 days 00:02:38.800000000,26,1,R,C,1.0,2.0,913.0,1422.0,278.0,410.0,178.0,0,False,False,0,False,False
0 days 00:02:39.000000000,26,1,R,C,1.0,2.0,932.0,1441.0,279.0,426.0,190.0,0,False,False,0,False,False
0 days 00:02:39.200000000,26,1,R,C,1.0,2.0,953.0,1462.0,280.0,438.0,175.0,0,False,False,0,False,False
0 days 00:02:39.400000000,26,1,R,C,1.0,2.0,945.0,1454.0,280.0,421.0,182.0,0,False,False,0,False,False
0 days 00:02:39.600000000,26,1,R,C,1.0,2.0,922.0,1431.0,279.0,415.0,172.0,0,False,False,0,False,False
0 days 00:02:39.800000000,26,1,R,C,1.0,2.0,944.0,1453.0,279.0,456.0,178.0,0,False,False,0,False,False
0 days 00:02:40.000000000,26,1,R,C,1.0,2.0,959.0,1468.0,280.0,420.0,179.0,0,False,False,0,False,False
0 days 00:02:40.200000000,26,1,R,C,1.0,2.0,952.0,1461.0,280.0,424.0,178.0,0,False,False,0,False,False
0 days 00:02:40.400000000,26,1,R,C,1.0,2.0,958.0,1467.0,280.0,430.0,183.0,0,False,False,0,False,False
0 days 00:02:40.600000000,26,1,R,C,1.0,2.0,969.0,1478.0,281.0,450.0,178.0,0,False,False,0,False,False
0 days 00:02:40.800000000,26,1,R,C,1.0,2.0,961.0,1470.0,281.0,408.0,189.0,0,False,False,0,False,False
0 days 00:02:41.000000000,26,1,R,C,1.0,2.0,961.0,1470.0,280.0,457.0,179.0,0,False,False,0,False,False
0 days 00:02:41.200000000,26,1,R,C,1.0,2.0,923.0,1432.0,278.0,375.0,173.0,0,False,False,0,False,False
0 days 00:02:41.400000000,26,1,R,C,1.0,2.0,898.0,1407.0,277.0,417.0,174.0,0,False,False,0,False,False
0 days 00:02:41.600000000,26,1,R,C,1.0,2.0,920.0,1429.0,278.0,416.0,176.0,0,False,False,0,False,False
0 days 00:02:41.800000000,26,1,R,C,1.0,2.0,914.0,1423.0,278.0,417.0,182.0,0,False,False,0,False,False
0 days 00:02:42.000000000,26,1,R,C,1.0,2.0,918.0,1427.0,278.0,427.0,176.0,0,False,False,0,False,False
0 days 00:02:42.200000000,26,1,R,C,1.0,2.0,913.0,1422.0,278.0,401.0,175.0,0,False,False,0,False,False
0 days 00:02:42.400000000,26,1,R,C,1.0,2.0,904.0,1413.0,278.0,401.0,186.0,0,False,False,0,False,False
0 days 00:02:42.600000000,26,1,R,C,1.0,2.0,930.0,1439.0,279.0,442.0,181.0,0,False,False,0,False,False
0 days 00:02:42.800000000,26,1,R,C,1.0,2.0,965.0,1474.0,280.0,454.0,178.0,0,False,False,0,False,False
0 days 00:02:43.000000000,26,1,R,C,1.0,2.0,976.0,1485.0,281.0,450.0,179.0,0,False,False,0,False,False
0 days 00:02:43.200000000,26,1,R,C,1.0,2.0,979.0,1488.0,281.0,437.0,182.0,0,False,False,0,False,False
0 days 00:02:43.400000000,26,1,R,C,1.0,2.0,1024.0,1533.0,283.0,480.0,182.0,0,False,False,0,False,False
0 days 00:02:43.600000000,26,1,R,C,1.0,2.0,1025.0,1534.0,283.0,448.0,180.0,0,False,False,0,False,False
0 days 00:02:43.800000000,26,1,R,C,1.0,2.0,973.0,1482.0,281.0,436.0,183.0,0,False,False,0,False,False
0 days 00:02:44.000000000,26,1,R,C,1.0,2.0,969.0,1478.0,281.0,451.0,179.0,0,False,False,0,False,False
0 days 00:02:44.200000000,26,1,R,C,1.0,2.0,970.0,1479.0,281.0,428.0,187.0,0,False,False,0,False,False
0 days 00:02:44.400000000,26,1,R,C,1.0,2.0,952.0,1461.0,279.0,424.0,183.0,0,False,False,0,False,False
0 days 00:02:44.600000000,26,1,R,C,1.0,2.0,934.0,1443.0,279.0,411.0,176.0,0,False,False,0,False,False
0 days 00:02:44.800000000,26,1,R,C,1.0,2.0,940.0,1449.0,280.0,438.0,179.0,0,False,False,0,False,False
0 days 00:02:45.000000000,26,1,R,C,1.0,2.0,966.0,1475.0,281.0,461.0,183.0,0,False,False,0,False,False
0 days 00:02:45.200000000,26,1,R,C,1.0,2.0,977.0,1486.0,282.0,449.0,173.0,0,False,False,0,False,False
0 days 00:02:45.400000000,26,1,R,C,1.0,2.0,957.0,1466.0,281.0,442.0,178.0,0,False,False,0,False,False
0 days 00:02:45.600000000,26,1,R,C,1.0,2.0,932.0,1441.0,279.0,414.0,181.0,0,False,False,0,False,False
0 days 00:02:45.800000000,26,1,R,C,1.0,2.0,917.0,1426.0,279.0,403.0,181.0,0,False,False,0,False,False
0 days 00:02:46.000000000,26,1,R,C,1.0,2.0,984.0,1493.0,282.0,489.0,172.0,0,False,False,0,False,False
0 days 00:02:46.200000000,26,1,R,C,1.0,2.0,990.0,1499.0,282.0,423.0,185.0,0,False,False,0,False,False
0 days 00:02:46.400000000,26,1,R,C,1.0,2.0,926.0,1435.0,279.0,421.0,179.0,0,False,False,0,False,False
0 days 00:02:46.600000000,26,1,R,C,1.0,2.0,952.0,1461.0,280.0,448.0,178.0,0,False,False,0,False,False
0 days 00:02:46.800000000,26,1,R,C,1.0,2.0,964.0,1473.0,280.0,433.0,180.0,0,False,False,0,False,False
0 days 00:02:47.000000000,26,1,R,C,1.0,2.0,947.0,1456.0,279.0,432.0,179.0,0,False,False,0,False,False
0 days 00:02:47.200000000,26,1,R,C,1.0,2.0,942.0,1451.0,279.0,415.0,180.0,0,False,False,0,False,False
0 days 00:02:47.400000000,26,1,R,C,1.0,2.0,962.0,1471.0,280.0,447.0,185.0,0,False,False,0,False,False
0 days 00:02:47.600000000,26,1,R,C,1.0,2.0,964.0,1473.0,281.0,418.0,178.0,0,False,False,0,False,False
0 days 00:02:47.800000000,26,1,R,C,1.0,2.0,954.0,1463.0,281.0,433.0,189.0,0,False,False,0,False,False
0 days 00:02:48.000000000,26,1,R,C,1.0,2.0,972.0,1481.0,282.0,442.0,185.0,0,False,False,0,False,False
0 days 00:02:48.200000000,26,1,R,C,1.0,2.0,994.0,1503.0,282.0,460.0,186.0,0,False,False,0,False,False
0 days 00:02:48.400000000,26,1,R,C,1.0,2.0,1012.0,1521.0,283.0,479.0,188.0,0,False,False,0,False,False
0 days 00:02:48.600000000,26,1,R,C,1.0,2.0,1058.0,1567.0,286.0,532.0,175.0,0,False,False,0,False,False
0 days 00:02:48.800000000,26,1,R,C,1.0,2.0,1041.0,1550.0,284.0,454.0,184.0,0,False,False,0,False,False
0 days 00:02:49.000000000,26,1,R,C,1.0,2.0,1002.0,1511.0,282.0,458.0,183.0,0,False,False,0,False,False
0 days 00:02:49.200000000,26,1,R,C,1.0,2.0,1014.0,1523.0,283.0,436.0,188.0,0,False,False,0,False,False
0 days 00:02:49.400000000,26,1,R,C,1.0,2.0,968.0,1477.0,281.0,408.0,181.0,0,False,False,0,False,False
0 days 00:02:49.600000000,26,1,R,C,1.0,2.0,931.0,1440.0,279.0,415.0,172.0,0,False,False,0,False,False
0 days 00:02:49.800000000,26,1,R,C,1.0,2.0,937.0,1446.0,278.0,412.0,184.0,0,False,False,0,False,False
0 days 00:02:50.000000000,26,1,R,C,1.0,2.0,950.0,1459.0,279.0,432.0,178.0,0,False,False,0,False,False
0 days 00:02:50.200000000,26,1,R,C,1.0,2.0,947.0,1456.0,280.0,419.0,175.0,0,False,False,0,False,False
0 days 00:02:50.400000000,26,1,R,C,1.0,2.0,926.0,1435.0,278.0,417.0,171.0,0,False,False,0,False,False
0 days 00:02:50.600000000,26,1,R,C,1.0,2.0,919.0,1428.0,278.0,416.0,176.0,0,False,False,0,False,False
0 days 00:02:50.800000000,26,1,R,C,1.0,2.0,927.0,1436.0,278.0,437.0,178.0,0,False,False,0,False,False
0 days 00:02:51.000000000,26,1,R,C,1.0,2.0,940.0,1449.0,279.0,426.0,177.0,0,False,False,0,False,False
0 days 00:02:51.200000000,26,1,R,C,1.0,2.0,964.0,1473.0,281.0,455.0,176.0,0,False,False,0,False,False
0 days 00:02:51.400000000,26,1,R,C,1.0,2.0,950.0,1459.0,280.0,424.0,179.0,0,False,False,0,False,False
0 days 00:02:51.600000000,26,1,R,C,1.0,2.0,934.0,1443.0,278.0,420.0,166.0,0,False,False,0,False,False
0 days 00:02:51.800000000,26,1,R,C,1.0,2.0,947.0,1456.0,279.0,433.0,183.0,0,False,False,0,False,False
0 days 00:02:52.000000000,26,1,R,C,1.0,2.0,928.0,1437.0,278.0,415.0,187.0,0,False,False,0,False,False
0 days 00:02:52.200000000,26,1,R,C,1.0,2.0,898.0,1407.0,277.0,396.0,183.0,0,False,False,0,False,False
0 days 00:02:52.400000000,26,1,R,C,1.0,2.0,890.0,1399.0,277.0,391.0,179.0,0,False,False,0,False,False
0 days 00:02:52.600000000,26,1,R,C,1.0,2.0,901.0,1410.0,277.0,410.0,187.0,0,False,False,0,False,False
0 days 00:02:52.800000000,26,1,R,C,1.0,2.0,944.0,1453.0,279.0,437.0,183.0,0,False,False,0,False,False
0 days 00:02:53.000000000,26,1,R,C,1.0,2.0,1017.0,1526.0,283.0,497.0,176.0,0,False,False,0,False,False
0 days 00:02:53.200000000,26,1,R,C,1.0,2.0,1030.0,1539.0,284.0,452.0,187.0,0,False,False,0,False,False
0 days 00:02:53.400000000,26,1,R,C,1.0,2.0,998.0,1507.0,282.0,454.0,183.0,0,False,False,0,False,False
0 days 00:02:53.600000000,26,1,R,C,1.0,2.0,1027.0,1536.0,284.0,501.0,176.0,0,False,False,0,False,False
0 days 00:02:53.800000000,26,1,R,C,1.0,2.0,1032.0,1541.0,284.0,452.0,182.0,0,False,False,0,False,False
0 days 00:02:54.000000000,26,1,R,C,1.0,2.0,994.0,1503.0,282.0,464.0,177.0,0,False,False,0,False,False
0 days 00:02:54.200000000,26,1,R,C,1.0,2.0,981.0,1490.0,281.0,455.0,181.0,0,False,False,0,False,False
0 days 00:02:54.400000000,26,1,R,C,1.0,2.0,963.0,1472.0,280.0,447.0,178.0,0,False,False,0,False,False
0 days 00:02:54.600000000,26,1,R,C,1.0,2.0,957.0,1466.0,280.0,450.0,173.0,0,False,False,0,False,False
0 days 00:02:54.800000000,26,1,R,C,1.0,2.0,955.0,1464.0,280.0,429.0,174.0,0,False,False,0,False,False
0 days 00:02:55.000000000,26,1,R,C,1.0,2.0,949.0,1458.0,279.0,433.0,186.0,0,False,False,0,False,False
0 days 00:02:55.200000000,26,1,R,C,1.0,2.0,955.0,1464.0,280.0,443.0,181.0,0,False,False,0,False,False
0 days 00:02:55.400000000,26,1,R,C,1.0,2.0,977.0,1486.0,282.0,448.0,174.0,0,False,False,0,False,False
0 days 00:02:55.600000000,26,1,R,C,1.0,2.0,977.0,1486.0,282.0,441.0,183.0,0,False,False,0,False,False
0 days 00:02:55.800000000,26,1,R,C,1.0,2.0,965.0,1474.0,280.0,445.0,184.0,0,False,False,0,False,False
0 days 00:02:56.000000000,26,1,R,C,1.0,2.0,974.0,1483.0,281.0,443.0,180.0,0,False,False,0,False,False
0 days 00:02:56.200000000,26,1,R,C,1.0,2.0,1027.0,1536.0,284.0,531.0,176.0,0,False,False,0,False,False
0 days 00:02:56.400000000,26,1,R,C,1.0,2.0,989.0,1498.0,282.0,405.0,188.0,0,False,False,0,False,False
0 days 00:02:56.600000000,26,1,R,C,1.0,2.0,946.0,1455.0,280.0,455.0,178.0,0,False,False,0,False,False
0 days 00:02:56.800000000,26,1,R,C,1.0,2.0,972.0,1481.0,281.0,440.0,178.0,0,False,False,0,False,False
0 days 00:02:57.000000000,26,1,R,C,1.0,2.0,942.0,1451.0,280.0,408.0,185.0,0,False,False,0,False,False
0 days 00:02:57.200000000,26,1,R,C,1.0,2.0,928.0,1437.0,278.0,424.0,180.0,0,False,False,0,False,False
0 days 00:02:57.400000000,26,1,R,C,1.0,2.0,932.0,1441.0,278.0,430.0,181.0,0,False,False,0,False,False
0 days 00:02:57.600000000,26,1,R,C,1.0,2.0,933.0,1442.0,279.0,419.0,181.0,0,False,False,0,False,False
0 days 00:02:57.800000000,26,1,R,C,1.0,2.0,954.0,1463.0,280.0,445.0,180.0,0,False,False,0,False,False
0 days 00:02:58.000000000,26,1,R,C,1.0,2.0,980.0,1489.0,282.0,447.0,174.0,0,False,False,0,False,False
0 days 00:02:58.200000000,26,1,R,C,1.0,2.0,994.0,1503.0,282.0,470.0,178.0,0,False,False,0,False,False
0 days 00:02:58.400000000,26,1,R,C,1.0,2.0,1008.0,1517.0,282.0,469.0,179.0,0,False,False,0,False,False
0 days 00:02:58.600000000,26,1,R,C,1.0,2.0,1017.0,1526.0,283.0,474.0,181.0,0,False,False,0,False,False
0 days 00:02:58.800000000,26,1,R,C,1.0,2.0,1056.0,1565.0,285.0,507.0,179.0,0,False,False,0,False,False
0 days 00:02:59.000000000,26,1,R,C,1.0,2.0,1038.0,1547.0,284.0,466.0,176.0,0,False,False,0,False,False
0 days 00:02:59.200000000,26,1,R,C,1.0,2.0,998.0,1507.0,281.0,463.0,175.0,0,False,False,0,False,False
0 days 00:02:59.400000000,26,1,R,C,1.0,2.0,1020.0,1529.0,283.0,476.0,174.0,0,False,False,0,False,False
0 days 00:02:59.600000000,26,1,R,C,1.0,2.0,1004.0,1513.0,282.0,451.0,185.0,0,False,False,0,False,False
0 days 00:02:59.800000000,26,1,R,C,1.0,2.0,944.0,1453.0,279.0,416.0,181.0,0,False,False,0,False,False
0 days 00:03:00.000000000,26,1,R,C,1.0,2.0,925.0,1434.0,278.0,428.0,176.0,0,False,False,0,False,False
0 days 00:03:00.200000000,26,1,R,C,1.0,2.0,937.0,1446.0,279.0,429.0,174.0,0,False,False,0,False,False
0 days 00:03:00.400000000,26,1,R,C,1.0,2.0,928.0,1437.0,279.0,422.0,174.0,0,False,False,0,False,False
0 days 00:03:00.600000000,26,1,R,C,1.0,2.0,925.0,1434.0,278.0,428.0,175.0,0,False,False,0,False,False
0 days 00:03:00.800000000,26,1,R,C,1.0,2.0,929.0,1438.0,278.0,411.0,181.0,0,False,False,0,False,False
0 days 00:03:01.000000000,26,1,R,C,1.0,2.0,926.0,1435.0,279.0,419.0,180.0,0,False,False,0,False,False
0 days 00:03:01.200000000,26,1,R,C,1.0,2.0,941.0,1450.0,279.0,443.0,180.0,0,False,False,0,False,False
0 days 00:03:01.400000000,26,1,R,C,1.0,2.0,996.0,1505.0,282.0,472.0,185.0,0,False,False,0,False,False
0 days 00:03:01.600000000,26,1,R,C,1.0,2.0,976.0,1485.0,282.0,416.0,187.0,0,False,False,0,False,False
0 days 00:03:01.800000000,26,1,R,C,1.0,2.0,922.0,1431.0,279.0,411.0,178.0,0,False,False,0,False,False
0 days 00:03:02.000000000,26,1,R,C,1.0,2.0,928.0,1437.0,279.0,415.0,175.0,0,False,False,0,False,False
0 days 00:03:02.200000000,26,1,R,C,1.0,2.0,956.0,1465.0,280.0,444.0,182.0,0,False,False,0,False,False
0 days 00:03:02.400000000,26,1,R,C,1.0,2.0,974.0,1483.0,281.0,446.0,179.0,0,False,False,0,False,False
0 days 00:03:02.600000000,26,1,R,C,1.0,2.0,963.0,1472.0,280.0,432.0,179.0,0,False,False,0,False,False
0 days 00:03:02.800000000,26,1,R,C,1.0,2.0,967.0,1476.0,280.0,450.0,180.0,0,False,False,0,False,False
0 days 00:03:03.000000000,26,1,R,C,1.0,2.0,994.0,1503.0,281.0,463.0,184.0,0,False,False,0,False,False
0 days 00:03:03.200000000,26,1,R,C,1.0,2.0,1000.0,1509.0,282.0,456.0,175.0,0,False,False,0,False,False
0 days 00:03:03.400000000,26,1,R,C,1.0,2.0,974.0,1483.0,281.0,443.0,175.0,0,False,False,0,False,False
0 days 00:03:03.600000000,26,1,R,C,1.0,2.0,970.0,1479.0,280.0,445.0,172.0,0,False,False,0,False,False
0 days 00:03:03.800000000,26,1,R,C,1.0,2.0,1006.0,1515.0,282.0,461.0,175.0,0,False,False,0,False,False
0 days 00:03:04.000000000,26,1,R,C,1.0,2.0,993.0,1502.0,282.0,439.0,173.0,0,False,False,0,False,False
0 days 00:03:04.200000000,26,1,R,C,1.0,2.0,944.0,1453.0,279.0,414.0,182.0,0,False,False,0,False,False
0 days 00:03:04.400000000,26,1,R,C,1.0,2.0,950.0,1459.0,279.0,438.0,175.0,0,False,False,0,False,False
0 days 00:03:04.600000000,26,1,R,C,1.0,2.0,974.0,1483.0,280.0,446.0,184.0,0,False,False,0,False,False
0 days 00:03:04.800000000,26,1,R,C,1.0,2.0,950.0,1459.0,279.0,416.0,174.0,0,False,False,0,False,False
0 days 00:03:05.000000000,26,1,R,C,1.0,2.0,906.0,1415.0,278.0,408.0,178.0,0,False,False,0,False,False
0 days 00:03:05.200000000,26,1,R,C,1.0,2.0,917.0,1426.0,278.0,430.0,181.0,0,False,False,0,False,False
0 days 00:03:05.400000000,26,1,R,C,1.0,2.0,958.0,1467.0,280.0,443.0,179.0,0,False,False,0,False,False
0 days 00:03:05.600000000,26,1,R,C,1.0,2.0,976.0,1485.0,281.0,437.0,181.0,0,False,False,0,False,False
0 days 00:03:05.800000000,26,1,R,C,1.0,2.0,977.0,1486.0,281.0,449.0,182.0,0,False,False,0,False,False
0 days 00:03:06.000000000,26,1,R,C,1.0,2.0,986.0,1495.0,282.0,456.0,181.0,0,False,False,0,False,False
0 days 00:03:06.200000000,26,1,R,C,1.0,2.0,1001.0,1510.0,283.0,448.0,188.0,0,False,False,0,False,False
0 days 00:03:06.400000000,26,1,R,C,1.0,2.0,1066.0,1575.0,286.0,551.0,174.0,0,False,False,0,False,False
0 days 00:03:06.600000000,26,1,R,C,1.0,2.0,1050.0,1559.0,285.0,448.0,179.0,0,False,False,0,False,False
0 days 00:03:06.800000000,26,1,R,C,1.0,2.0,1000.0,1509.0,282.0,475.0,172.0,0,False,False,0,False,False
0 days 00:03:07.000000000,26,1,R,C,1.0,2.0,1034.0,1543.0,284.0,482.0,178.0,0,False,False,0,False,False
0 days 00:03:07.200000000,26,1,R,C,1.0,2.0,1024.0,1533.0,283.0,444.0,181.0,0,False,False,0,False,False
0 days 00:03:07.400000000,26,1,R,C,1.0,2.0,988.0,1497.0,281.0,445.0,181.0,0,False,False,0,False,False
0 days 00:03:07.600000000,26,1,R,C,1.0,2.0,972.0,1481.0,280.0,440.0,184.0,0,False,False,0,False,False
0 days 00:03:07.800000000,26,1,R,C,1.0,2.0,973.0,1482.0,280.0,440.0,186.0,0,False,False,0,False,False
0 days 00:03:08.000000000,26,1,R,C,1.0,2.0,961.0,1470.0,280.0,434.0,187.0,0,False,False,0,False,False
0 days 00:03:08.200000000,26,1,R,C,1.0,2.0,968.0,1477.0,280.0,458.0,171.0,0,False,False,0,False,False
0 days 00:03:08.400000000,26,1,R,C,1.0,2.0,994.0,1503.0,282.0,450.0,180.0,0,False,False,0,False,False
0 days 00:03:08.600000000,26,1,R,C,1.0,2.0,1001.0,1510.0,282.0,463.0,178.0,0,False,False,0,False,False
0 days 00:03:08.800000000,26,1,R,C,1.0,2.0,1006.0,1515.0,282.0,458.0,184.0,0,False,False,0,False,False
0 days 00:03:09.000000000,26,1,R,C,1.0,2.0,1046.0,1555.0,284.0,533.0,168.0,0,False,False,0,False,False
0 days 00:03:09.200000000,26,1,R,C,1.0,2.0,1006.0,1515.0,283.0,403.0,176.0,0,False,False,0,False,False
0 days 00:03:09.400000000,26,1,R,C,1.0,2.0,942.0,1451.0,279.0,433.0,175.0,0,False,False,0,False,False
0 days 00:03:09.600000000,26,1,R,C,1.0,2.0,945.0,1454.0,279.0,426.0,178.0,0,False,False,0,False,False
0 days 00:03:09.800000000,26,1,R,C,1.0,2.0,947.0,1456.0,279.0,422.0,182.0,0,False,False,0,False,False
0 days 00:03:10.000000000,26,1,R,C,1.0,2.0,965.0,1474.0,280.0,439.0,178.0,0,False,False,0,False,False
0 days 00:03:10.200000000,26,1,R,C,1.0,2.0,966.0,1475.0,280.0,437.0,183.0,0,False,False,0,False,False
0 days 00:03:10.400000000,26,1,R,C,1.0,2.0,978.0,1487.0,281.0,451.0,183.0,0,False,False,0,False,False
0 days 00:03:10.600000000,26,1,R,C,1.0,2.0,983.0,1492.0,281.0,448.0,179.0,0,False,False,0,False,False
0 days 00:03:10.800000000,26,1,R,C,1.0,2.0,982.0,1491.0,281.0,450.0,183.0,0,False,False,0,False,False
0 days 00:03:11.000000000,26,1,R,C,1.0,2.0,996.0,1505.0,281.0,462.0,181.0,0,False,False,0,False,False
0 days 00:03:11.200000000,26,1,R,C,1.0,2.0,997.0,1506.0,281.0,458.0,183.0,0,False,False,0,False,False
0 days 00:03:11.400000000,26,1,R,C,1.0,2.0,1012.0,1521.0,282.0,468.0,187.0,0,False,False,0,False,False
0 days 00:03:11.600000000,26,1,R,C,1.0,2.0,1075.0,1584.0,286.0,550.0,178.0,0,False,False,0,False,False
0 days 00:03:11.800000000,26,1,R,C,1.0,2.0,1051.0,1560.0,285.0,446.0,180.0,0,False,False,0,False,False
0 days 00:03:12.000000000,26,1,R,C,1.0,2.0,1007.0,1516.0,282.0,466.0,178.0,0,False,False,0,False,False
0 days 00:03:12.200000000,26,1,R,C,1.0,2.0,1019.0,1528.0,283.0,460.0,170.0,0,False,False,0,False,False
0 days 00:03:12.400000000,26,1,R,C,1.0,2.0,1002.0,1511.0,282.0,436.0,182.0,0,False,False,0,False,False
0 days 00:03:12.600000000,26,1,R,C,1.0,1.0,1016.0,1525.0,282.0,476.0,193.0,1,False,True,0,False,False
